date,station_id,Time,Temperature,Dew Point,Humidity,Wind,Speed,Gust,Pressure,Precip. Rate.,Precip. Accum.,UV,Solar
2024-10-01,ILAMAD25,,,,,,,,,,,,
2024-10-01,ILAMAD25,00:04:00,56.2 °F,51.3 °F,84 %,,4.4 mph,10.9 mph,29.75 in,0.00 in,0.19 in,0.0,0 w/m²
2024-10-01,ILAMAD25,00:09:00,56.3 °F,51.3 °F,83 %,NNW,2.5 mph,11.3 mph,29.75 in,0.00 in,0.19 in,0.0,0 w/m²
2024-10-01,ILAMAD25,00:14:00,56.3 °F,51.3 °F,83 %,NNW,4.1 mph,11.7 mph,29.75 in,0.00 in,0.19 in,0.0,0 w/m²
2024-10-01,ILAMAD25,00:19:00,56.4 °F,51.3 °F,83 %,,3.1 mph,11.8 mph,29.75 in,0.00 in,0.19 in,0.0,0 w/m²
2024-10-01,ILAMAD25,00:24:00,56.5 °F,51.2 °F,82 %,NNW,2.5 mph,8.5 mph,29.75 in,0.00 in,0.19 in,0.0,0 w/m²
2024-10-01,ILAMAD25,00:29:00,56.6 °F,51.2 °F,82 %,NW,3.2 mph,8.8 mph,29.75 in,0.00 in,0.19 in,0.0,0 w/m²
2024-10-01,ILAMAD25,00:34:00,56.7 °F,51.3 °F,82 %,North,4.0 mph,9.7 mph,29.75 in,0.00 in,0.19 in,0.0,0 w/m²
2024-10-01,ILAMAD25,00:39:00,56.6 °F,51.5 °F,83 %,NW,1.9 mph,7.7 mph,29.75 in,0.00 in,0.19 in,0.0,0 w/m²
2024-10-01,ILAMAD25,00:44:00,56.5 °F,51.4 °F,83 %,NNW,3.0 mph,9.5 mph,29.75 in,0.00 in,0.19 in,0.0,0 w/m²
2024-10-01,ILAMAD25,00:49:00,56.5 °F,51.4 °F,83 %,,3.1 mph,8.3 mph,29.75 in,0.00 in,0.19 in,0.0,0 w/m²
2024-10-01,ILAMAD25,00:54:00,56.5 °F,51.2 °F,82 %,NNW,3.7 mph,9.9 mph,29.75 in,0.00 in,0.19 in,0.0,0 w/m²
2024-10-01,ILAMAD25,00:59:00,56.5 °F,51.1 °F,82 %,NW,4.3 mph,11.7 mph,29.75 in,0.00 in,0.19 in,0.0,0 w/m²
2024-10-01,ILAMAD25,01:04:00,56.6 °F,51.1 °F,82 %,NNW,2.2 mph,7.5 mph,29.75 in,0.00 in,0.19 in,0.0,0 w/m²
2024-10-01,ILAMAD25,01:09:00,56.6 °F,50.8 °F,81 %,,3.6 mph,9.5 mph,29.75 in,0.00 in,0.19 in,0.0,0 w/m²
2024-10-01,ILAMAD25,01:14:00,56.7 °F,50.9 °F,81 %,North,2.5 mph,8.3 mph,29.75 in,0.00 in,0.19 in,0.0,0 w/m²
2024-10-01,ILAMAD25,01:19:00,56.6 °F,50.6 °F,80 %,WNW,3.5 mph,14.5 mph,29.75 in,0.00 in,0.19 in,0.0,0 w/m²
2024-10-01,ILAMAD25,01:24:00,56.5 °F,50.7 °F,81 %,,3.9 mph,9.9 mph,29.75 in,0.00 in,0.19 in,0.0,0 w/m²
2024-10-01,ILAMAD25,01:29:00,56.4 °F,50.6 °F,81 %,NNW,3.7 mph,9.3 mph,29.75 in,0.00 in,0.19 in,0.0,0 w/m²
2024-10-01,ILAMAD25,01:34:00,56.2 °F,50.2 °F,80 %,NNW,4.6 mph,9.7 mph,29.75 in,0.00 in,0.19 in,0.0,0 w/m²
2024-10-01,ILAMAD25,01:39:00,56.1 °F,49.8 °F,80 %,NNW,3.4 mph,8.1 mph,29.75 in,0.00 in,0.19 in,0.0,0 w/m²
2024-10-01,ILAMAD25,01:44:00,56.1 °F,49.6 °F,79 %,NW,4.3 mph,8.4 mph,29.75 in,0.00 in,0.19 in,0.0,0 w/m²
2024-10-01,ILAMAD25,01:49:00,56.1 °F,49.5 °F,78 %,WNW,6.3 mph,13.3 mph,29.75 in,0.00 in,0.19 in,0.0,0 w/m²
2024-10-01,ILAMAD25,01:54:00,56.1 °F,49.5 °F,78 %,West,4.9 mph,11.6 mph,29.75 in,0.00 in,0.19 in,0.0,0 w/m²
2024-10-01,ILAMAD25,01:59:00,55.9 °F,49.3 °F,78 %,NNW,4.7 mph,12.3 mph,29.75 in,0.00 in,0.19 in,0.0,0 w/m²
2024-10-01,ILAMAD25,02:04:00,55.9 °F,49.3 °F,78 %,NNW,4.9 mph,12.9 mph,29.75 in,0.00 in,0.19 in,0.0,0 w/m²
2024-10-01,ILAMAD25,02:09:00,55.8 °F,49.1 °F,78 %,WSW,4.2 mph,13.7 mph,29.76 in,0.00 in,0.19 in,0.0,0 w/m²
2024-10-01,ILAMAD25,02:14:00,55.8 °F,49.1 °F,78 %,NNW,4.1 mph,11.2 mph,29.76 in,0.00 in,0.19 in,0.0,0 w/m²
2024-10-01,ILAMAD25,02:19:00,55.6 °F,49.0 °F,79 %,North,2.4 mph,9.5 mph,29.76 in,0.00 in,0.19 in,0.0,0 w/m²
2024-10-01,ILAMAD25,02:24:00,55.4 °F,48.9 °F,78 %,NNW,5.1 mph,13.7 mph,29.76 in,0.00 in,0.19 in,0.0,0 w/m²
2024-10-01,ILAMAD25,02:29:00,55.4 °F,48.9 °F,79 %,,2.4 mph,7.5 mph,29.76 in,0.00 in,0.19 in,0.0,0 w/m²
2024-10-01,ILAMAD25,02:34:00,55.3 °F,48.9 °F,79 %,WNW,3.9 mph,10.7 mph,29.76 in,0.00 in,0.19 in,0.0,0 w/m²
2024-10-01,ILAMAD25,02:39:00,55.4 °F,48.9 °F,79 %,NE,2.8 mph,9.9 mph,29.76 in,0.00 in,0.19 in,0.0,0 w/m²
2024-10-01,ILAMAD25,02:44:00,55.4 °F,48.7 °F,78 %,NNE,4.6 mph,15.5 mph,29.76 in,0.00 in,0.19 in,0.0,0 w/m²
2024-10-01,ILAMAD25,02:49:00,55.4 °F,48.9 °F,78 %,WSW,3.2 mph,9.5 mph,29.76 in,0.00 in,0.19 in,0.0,0 w/m²
2024-10-01,ILAMAD25,02:54:00,55.4 °F,48.8 °F,78 %,NNW,4.9 mph,12.9 mph,29.77 in,0.00 in,0.19 in,0.0,0 w/m²
2024-10-01,ILAMAD25,02:59:00,55.5 °F,48.8 °F,78 %,,4.7 mph,13.5 mph,29.77 in,0.00 in,0.19 in,0.0,0 w/m²
2024-10-01,ILAMAD25,03:04:00,55.4 °F,48.9 °F,79 %,NNW,3.2 mph,11.3 mph,29.76 in,0.00 in,0.19 in,0.0,0 w/m²
2024-10-01,ILAMAD25,03:09:00,55.4 °F,49.0 °F,79 %,SSW,3.1 mph,9.9 mph,29.77 in,0.00 in,0.19 in,0.0,0 w/m²
2024-10-01,ILAMAD25,03:14:00,55.4 °F,49.1 °F,79 %,North,4.5 mph,13.9 mph,29.77 in,0.00 in,0.19 in,0.0,0 w/m²
2024-10-01,ILAMAD25,03:19:00,55.4 °F,49.1 °F,79 %,NNW,3.4 mph,9.3 mph,29.77 in,0.00 in,0.19 in,0.0,0 w/m²
2024-10-01,ILAMAD25,03:24:00,55.3 °F,49.2 °F,80 %,WNW,4.5 mph,12.3 mph,29.77 in,0.00 in,0.19 in,0.0,0 w/m²
2024-10-01,ILAMAD25,03:29:00,55.1 °F,49.0 °F,80 %,NNW,3.1 mph,10.1 mph,29.76 in,0.00 in,0.19 in,0.0,0 w/m²
2024-10-01,ILAMAD25,03:34:00,55.0 °F,48.9 °F,80 %,NNW,3.9 mph,9.5 mph,29.76 in,0.00 in,0.19 in,0.0,0 w/m²
2024-10-01,ILAMAD25,03:39:00,55.0 °F,48.8 °F,80 %,NNW,4.2 mph,11.4 mph,29.77 in,0.00 in,0.19 in,0.0,0 w/m²
2024-10-01,ILAMAD25,03:44:00,55.1 °F,48.8 °F,79 %,North,2.8 mph,9.9 mph,29.77 in,0.00 in,0.19 in,0.0,0 w/m²
2024-10-01,ILAMAD25,03:49:00,55.0 °F,48.7 °F,79 %,NW,2.4 mph,9.1 mph,29.76 in,0.00 in,0.19 in,0.0,0 w/m²
2024-10-01,ILAMAD25,03:54:00,55.0 °F,48.7 °F,79 %,NW,3.3 mph,10.1 mph,29.76 in,0.00 in,0.19 in,0.0,0 w/m²
2024-10-01,ILAMAD25,03:59:00,55.2 °F,48.9 °F,79 %,SE,3.3 mph,8.3 mph,29.76 in,0.00 in,0.19 in,0.0,0 w/m²
2024-10-01,ILAMAD25,04:04:00,55.0 °F,48.7 °F,79 %,NW,3.4 mph,11.3 mph,29.76 in,0.00 in,0.19 in,0.0,0 w/m²
2024-10-01,ILAMAD25,04:09:00,55.2 °F,48.9 °F,79 %,NW,3.5 mph,11.6 mph,29.76 in,0.00 in,0.19 in,0.0,0 w/m²
2024-10-01,ILAMAD25,04:14:00,55.2 °F,48.9 °F,79 %,NE,5.7 mph,16.2 mph,29.76 in,0.00 in,0.19 in,0.0,0 w/m²
2024-10-01,ILAMAD25,04:19:00,55.2 °F,48.9 °F,79 %,,4.5 mph,12.8 mph,29.76 in,0.00 in,0.19 in,0.0,0 w/m²
2024-10-01,ILAMAD25,04:24:00,55.2 °F,48.9 °F,79 %,NW,3.1 mph,9.3 mph,29.76 in,0.00 in,0.19 in,0.0,0 w/m²
2024-10-01,ILAMAD25,04:29:00,55.0 °F,48.8 °F,79 %,East,3.1 mph,8.4 mph,29.76 in,0.00 in,0.19 in,0.0,0 w/m²
2024-10-01,ILAMAD25,04:34:00,55.0 °F,48.9 °F,80 %,NNW,3.4 mph,9.1 mph,29.76 in,0.00 in,0.19 in,0.0,0 w/m²
2024-10-01,ILAMAD25,04:39:00,55.0 °F,48.7 °F,79 %,WNW,4.7 mph,11.7 mph,29.77 in,0.00 in,0.19 in,0.0,0 w/m²
2024-10-01,ILAMAD25,04:44:00,55.0 °F,48.8 °F,79 %,SW,3.2 mph,11.7 mph,29.76 in,0.00 in,0.19 in,0.0,0 w/m²
2024-10-01,ILAMAD25,04:49:00,55.0 °F,48.8 °F,79 %,,3.9 mph,11.7 mph,29.76 in,0.00 in,0.19 in,0.0,0 w/m²
2024-10-01,ILAMAD25,04:54:00,55.0 °F,48.9 °F,80 %,NW,3.8 mph,8.6 mph,29.76 in,0.00 in,0.19 in,0.0,0 w/m²
2024-10-01,ILAMAD25,04:59:00,55.0 °F,48.9 °F,80 %,NNE,2.7 mph,10.5 mph,29.76 in,0.00 in,0.19 in,0.0,0 w/m²
2024-10-01,ILAMAD25,05:04:00,55.1 °F,48.9 °F,80 %,North,2.4 mph,9.3 mph,29.76 in,0.00 in,0.19 in,0.0,0 w/m²
2024-10-01,ILAMAD25,05:09:00,55.0 °F,48.8 °F,80 %,North,3.3 mph,9.5 mph,29.76 in,0.00 in,0.19 in,0.0,0 w/m²
2024-10-01,ILAMAD25,05:14:00,55.2 °F,49.1 °F,80 %,NNW,2.5 mph,7.7 mph,29.77 in,0.00 in,0.19 in,0.0,0 w/m²
2024-10-01,ILAMAD25,05:19:00,55.1 °F,49.0 °F,80 %,WSW,3.3 mph,12.7 mph,29.76 in,0.00 in,0.19 in,0.0,0 w/m²
2024-10-01,ILAMAD25,05:24:00,55.2 °F,49.1 °F,80 %,,2.2 mph,7.5 mph,29.76 in,0.00 in,0.19 in,0.0,0 w/m²
2024-10-01,ILAMAD25,05:29:00,55.1 °F,49.0 °F,80 %,NNE,3.4 mph,9.3 mph,29.77 in,0.00 in,0.19 in,0.0,0 w/m²
2024-10-01,ILAMAD25,05:34:00,55.0 °F,48.9 °F,80 %,West,2.8 mph,9.1 mph,29.76 in,0.00 in,0.19 in,0.0,0 w/m²
2024-10-01,ILAMAD25,05:39:00,55.2 °F,49.1 °F,80 %,North,2.3 mph,7.5 mph,29.76 in,0.00 in,0.19 in,0.0,0 w/m²
2024-10-01,ILAMAD25,05:44:00,55.2 °F,49.1 °F,80 %,ESE,3.2 mph,13.0 mph,29.77 in,0.00 in,0.19 in,0.0,0 w/m²
2024-10-01,ILAMAD25,05:49:00,55.2 °F,49.1 °F,80 %,NW,4.3 mph,17.0 mph,29.77 in,0.00 in,0.19 in,0.0,0 w/m²
2024-10-01,ILAMAD25,05:54:00,55.2 °F,49.1 °F,80 %,NNE,2.9 mph,11.7 mph,29.77 in,0.00 in,0.19 in,0.0,0 w/m²
2024-10-01,ILAMAD25,05:59:00,55.2 °F,49.0 °F,80 %,NNW,1.5 mph,6.4 mph,29.77 in,0.00 in,0.19 in,0.0,0 w/m²
2024-10-01,ILAMAD25,06:04:00,55.2 °F,49.0 °F,79 %,NW,3.3 mph,10.1 mph,29.77 in,0.00 in,0.19 in,0.0,0 w/m²
2024-10-01,ILAMAD25,06:09:00,55.2 °F,48.9 °F,79 %,NW,3.2 mph,12.7 mph,29.77 in,0.00 in,0.19 in,0.0,0 w/m²
2024-10-01,ILAMAD25,06:14:00,55.2 °F,48.9 °F,79 %,NW,3.0 mph,10.1 mph,29.77 in,0.00 in,0.19 in,0.0,0 w/m²
2024-10-01,ILAMAD25,06:19:00,55.2 °F,48.9 °F,79 %,NNW,3.5 mph,13.3 mph,29.77 in,0.00 in,0.19 in,0.0,0 w/m²
2024-10-01,ILAMAD25,06:24:00,55.2 °F,48.9 °F,79 %,NNW,3.3 mph,8.5 mph,29.77 in,0.00 in,0.19 in,0.0,0 w/m²
2024-10-01,ILAMAD25,06:29:00,55.2 °F,48.7 °F,78 %,NNW,3.0 mph,9.7 mph,29.77 in,0.00 in,0.19 in,0.0,0 w/m²
2024-10-01,ILAMAD25,06:34:00,55.2 °F,48.6 °F,78 %,NW,3.6 mph,14.3 mph,29.77 in,0.00 in,0.19 in,0.0,0 w/m²
2024-10-01,ILAMAD25,06:39:00,55.2 °F,48.6 °F,78 %,NNW,2.7 mph,7.1 mph,29.77 in,0.00 in,0.19 in,0.0,0 w/m²
2024-10-01,ILAMAD25,06:44:00,55.2 °F,48.6 °F,78 %,NNW,3.8 mph,10.5 mph,29.78 in,0.00 in,0.19 in,0.0,0 w/m²
2024-10-01,ILAMAD25,06:49:00,55.2 °F,48.6 °F,78 %,NNW,2.8 mph,9.5 mph,29.77 in,0.00 in,0.19 in,0.0,0 w/m²
2024-10-01,ILAMAD25,06:54:00,55.2 °F,48.8 °F,79 %,NNW,2.6 mph,12.1 mph,29.78 in,0.00 in,0.19 in,0.0,0 w/m²
2024-10-01,ILAMAD25,06:59:00,55.1 °F,48.8 °F,79 %,North,3.1 mph,12.6 mph,29.78 in,0.00 in,0.19 in,0.0,0 w/m²
2024-10-01,ILAMAD25,07:04:00,55.0 °F,48.7 °F,79 %,,2.1 mph,9.5 mph,29.78 in,0.00 in,0.19 in,0.0,0 w/m²
2024-10-01,ILAMAD25,07:09:00,54.9 °F,48.7 °F,80 %,NNW,2.4 mph,9.3 mph,29.78 in,0.00 in,0.19 in,0.0,0 w/m²
2024-10-01,ILAMAD25,07:14:00,54.9 °F,48.7 °F,80 %,NW,2.8 mph,11.4 mph,29.78 in,0.00 in,0.19 in,0.0,0 w/m²
2024-10-01,ILAMAD25,07:19:00,54.9 °F,48.7 °F,80 %,NNW,1.4 mph,5.4 mph,29.78 in,0.00 in,0.19 in,0.0,0 w/m²
2024-10-01,ILAMAD25,07:24:00,54.9 °F,48.7 °F,80 %,NNW,3.5 mph,8.5 mph,29.78 in,0.00 in,0.19 in,0.0,0 w/m²
2024-10-01,ILAMAD25,07:29:00,54.8 °F,48.7 °F,80 %,,3.3 mph,10.3 mph,29.78 in,0.00 in,0.19 in,0.0,0.1 w/m²
2024-10-01,ILAMAD25,07:34:00,54.7 °F,48.6 °F,80 %,NW,3.9 mph,12.6 mph,29.78 in,0.00 in,0.19 in,0.0,0.1 w/m²
2024-10-01,ILAMAD25,07:39:00,54.7 °F,48.6 °F,80 %,NNW,1.7 mph,8.1 mph,29.78 in,0.00 in,0.19 in,0.0,0.3 w/m²
2024-10-01,ILAMAD25,07:44:00,54.7 °F,48.6 °F,80 %,NNW,2.3 mph,5.7 mph,29.78 in,0.00 in,0.19 in,0.0,0.4 w/m²
2024-10-01,ILAMAD25,07:49:00,54.7 °F,48.6 °F,80 %,,2.6 mph,8.1 mph,29.78 in,0.00 in,0.19 in,0.0,0.9 w/m²
2024-10-01,ILAMAD25,07:54:00,54.7 °F,48.6 °F,80 %,NNW,3.0 mph,8.1 mph,29.78 in,0.00 in,0.19 in,0.0,1.4 w/m²
2024-10-01,ILAMAD25,07:59:00,54.7 °F,48.6 °F,80 %,NW,2.5 mph,8.9 mph,29.78 in,0.00 in,0.19 in,0.0,2.1 w/m²
2024-10-01,ILAMAD25,08:04:00,54.9 °F,48.7 °F,80 %,NNW,2.5 mph,8.4 mph,29.78 in,0.00 in,0.00 in,0.0,2.6 w/m²
2024-10-01,ILAMAD25,08:09:00,54.9 °F,48.7 °F,80 %,NNW,2.8 mph,8.9 mph,29.78 in,0.00 in,0.00 in,0.0,4.4 w/m²
2024-10-01,ILAMAD25,08:14:00,54.9 °F,48.8 °F,80 %,NW,1.3 mph,7.3 mph,29.78 in,0.00 in,0.00 in,0.0,4.4 w/m²
2024-10-01,ILAMAD25,08:19:00,54.9 °F,48.7 °F,80 %,NW,2.4 mph,7.7 mph,29.78 in,0.00 in,0.00 in,0.0,6 w/m²
2024-10-01,ILAMAD25,08:24:00,54.9 °F,48.7 °F,80 %,NW,3.6 mph,8.3 mph,29.78 in,0.00 in,0.00 in,0.0,6.1 w/m²
2024-10-01,ILAMAD25,08:29:00,54.9 °F,48.7 °F,80 %,NNW,2.6 mph,8.5 mph,29.78 in,0.00 in,0.00 in,0.0,7.3 w/m²
2024-10-01,ILAMAD25,08:34:00,54.8 °F,48.6 °F,80 %,NNW,2.5 mph,7.6 mph,29.79 in,0.00 in,0.00 in,0.0,6.9 w/m²
2024-10-01,ILAMAD25,08:39:00,54.9 °F,48.7 °F,80 %,NNW,2.6 mph,8.9 mph,29.79 in,0.00 in,0.00 in,0.0,9.2 w/m²
2024-10-01,ILAMAD25,08:44:00,54.9 °F,48.7 °F,80 %,,3.4 mph,13.0 mph,29.78 in,0.00 in,0.00 in,0.0,12.9 w/m²
2024-10-01,ILAMAD25,08:49:00,54.9 °F,48.7 °F,80 %,West,1.6 mph,4.8 mph,29.78 in,0.00 in,0.00 in,0.0,14.2 w/m²
2024-10-01,ILAMAD25,08:54:00,54.9 °F,48.7 °F,80 %,WNW,1.7 mph,9.4 mph,29.78 in,0.00 in,0.00 in,0.0,15.6 w/m²
2024-10-01,ILAMAD25,08:59:00,54.9 °F,48.7 °F,80 %,NNE,2.0 mph,8.1 mph,29.78 in,0.00 in,0.00 in,0.0,18.4 w/m²
2024-10-01,ILAMAD25,09:04:00,55.0 °F,48.8 °F,80 %,North,2.5 mph,6.9 mph,29.79 in,0.00 in,0.00 in,0.0,19.7 w/m²
2024-10-01,ILAMAD25,09:09:00,55.0 °F,49.0 °F,80 %,NNW,2.4 mph,7.9 mph,29.79 in,0.00 in,0.00 in,0.0,20.4 w/m²
2024-10-01,ILAMAD25,09:14:00,55.1 °F,49.0 °F,80 %,North,4.3 mph,11.1 mph,29.79 in,0.00 in,0.00 in,0.0,23.4 w/m²
2024-10-01,ILAMAD25,09:19:00,55.2 °F,49.1 °F,80 %,NNW,2.3 mph,9.2 mph,29.79 in,0.00 in,0.00 in,0.0,21.9 w/m²
2024-10-01,ILAMAD25,09:24:00,55.2 °F,49.1 °F,80 %,NE,2.8 mph,10.5 mph,29.79 in,0.00 in,0.00 in,0.0,19.1 w/m²
2024-10-01,ILAMAD25,09:29:00,55.2 °F,49.2 °F,80 %,NNW,2.2 mph,8.1 mph,29.79 in,0.00 in,0.00 in,0.0,24.4 w/m²
2024-10-01,ILAMAD25,09:34:00,55.0 °F,49.3 °F,81 %,NE,1.2 mph,9.5 mph,29.79 in,0.00 in,0.00 in,0.0,23.9 w/m²
2024-10-01,ILAMAD25,09:39:00,55.0 °F,49.3 °F,81 %,NNW,1.6 mph,9.9 mph,29.79 in,0.00 in,0.00 in,0.0,23.2 w/m²
2024-10-01,ILAMAD25,09:44:00,55.1 °F,49.4 °F,81 %,NNW,1.0 mph,4.6 mph,29.79 in,0.00 in,0.00 in,0.0,21.2 w/m²
2024-10-01,ILAMAD25,09:49:00,55.1 °F,49.4 °F,81 %,NW,1.4 mph,8.1 mph,29.79 in,0.00 in,0.00 in,0.0,24.1 w/m²
2024-10-01,ILAMAD25,09:54:00,55.2 °F,49.5 °F,81 %,NNW,1.8 mph,6.4 mph,29.79 in,0.00 in,0.00 in,0.0,36.4 w/m²
2024-10-01,ILAMAD25,09:59:00,55.3 °F,49.6 °F,81 %,NW,1.0 mph,5.5 mph,29.79 in,0.00 in,0.00 in,0.0,42.8 w/m²
2024-10-01,ILAMAD25,10:04:00,55.5 °F,49.6 °F,81 %,NNW,2.3 mph,9.3 mph,29.79 in,0.00 in,0.00 in,0.0,46.9 w/m²
2024-10-01,ILAMAD25,10:09:00,55.6 °F,49.5 °F,80 %,NNW,1.8 mph,12.3 mph,29.80 in,0.00 in,0.00 in,0.0,48.9 w/m²
2024-10-01,ILAMAD25,10:14:00,55.9 °F,49.6 °F,80 %,NW,2.6 mph,8.3 mph,29.79 in,0.00 in,0.00 in,0.0,45.1 w/m²
2024-10-01,ILAMAD25,10:19:00,55.9 °F,49.5 °F,79 %,NNW,3.5 mph,14.5 mph,29.79 in,0.00 in,0.00 in,0.0,42.2 w/m²
2024-10-01,ILAMAD25,10:24:00,55.8 °F,49.5 °F,80 %,NNW,2.1 mph,9.5 mph,29.79 in,0.00 in,0.00 in,0.0,38.4 w/m²
2024-10-01,ILAMAD25,10:29:00,55.9 °F,49.8 °F,80 %,NW,1.7 mph,9.5 mph,29.79 in,0.00 in,0.00 in,0.0,35.9 w/m²
2024-10-01,ILAMAD25,10:34:00,55.9 °F,49.8 °F,80 %,NW,1.3 mph,6.4 mph,29.79 in,0.00 in,0.00 in,0.0,42.8 w/m²
2024-10-01,ILAMAD25,10:39:00,56.0 °F,49.8 °F,80 %,NW,2.1 mph,8.2 mph,29.79 in,0.00 in,0.00 in,0.0,55.1 w/m²
2024-10-01,ILAMAD25,10:44:00,56.1 °F,49.6 °F,79 %,NW,2.9 mph,13.9 mph,29.80 in,0.00 in,0.00 in,0.0,57.2 w/m²
2024-10-01,ILAMAD25,10:49:00,56.3 °F,49.7 °F,79 %,NNW,4.2 mph,13.5 mph,29.79 in,0.00 in,0.00 in,0.0,51.5 w/m²
2024-10-01,ILAMAD25,10:54:00,56.4 °F,49.5 °F,78 %,NW,4.2 mph,14.9 mph,29.79 in,0.00 in,0.00 in,0.0,56.6 w/m²
2024-10-01,ILAMAD25,10:59:00,56.6 °F,49.4 °F,77 %,WNW,2.9 mph,17.3 mph,29.79 in,0.00 in,0.00 in,0.0,55.1 w/m²
2024-10-01,ILAMAD25,11:04:00,56.7 °F,49.5 °F,77 %,WNW,2.8 mph,13.1 mph,29.79 in,0.00 in,0.00 in,0.0,46.1 w/m²
2024-10-01,ILAMAD25,11:09:00,56.7 °F,49.5 °F,77 %,SW,4.0 mph,16.0 mph,29.79 in,0.00 in,0.00 in,0.0,39.9 w/m²
2024-10-01,ILAMAD25,11:14:00,56.7 °F,49.3 °F,77 %,NNW,3.8 mph,12.1 mph,29.79 in,0.00 in,0.00 in,0.0,41.1 w/m²
2024-10-01,ILAMAD25,11:19:00,56.7 °F,49.2 °F,76 %,NW,4.4 mph,14.7 mph,29.79 in,0.00 in,0.00 in,0.0,44.8 w/m²
2024-10-01,ILAMAD25,11:24:00,56.8 °F,49.2 °F,75 %,NNW,3.4 mph,12.1 mph,29.79 in,0.00 in,0.00 in,0.0,44 w/m²
2024-10-01,ILAMAD25,11:29:00,56.9 °F,49.0 °F,75 %,NNW,3.8 mph,12.5 mph,29.79 in,0.00 in,0.00 in,0.0,73.1 w/m²
2024-10-01,ILAMAD25,11:34:00,57.2 °F,49.0 °F,74 %,WNW,5.0 mph,16.0 mph,29.79 in,0.00 in,0.00 in,0.0,96.5 w/m²
2024-10-01,ILAMAD25,11:39:00,57.5 °F,48.9 °F,73 %,NNW,5.7 mph,15.5 mph,29.79 in,0.00 in,0.00 in,0.0,98.1 w/m²
2024-10-01,ILAMAD25,11:44:00,57.7 °F,49.1 °F,73 %,NW,4.2 mph,15.1 mph,29.79 in,0.00 in,0.00 in,0.0,78.4 w/m²
2024-10-01,ILAMAD25,11:49:00,57.6 °F,49.5 °F,74 %,WNW,4.0 mph,20.4 mph,29.79 in,0.00 in,0.00 in,0.0,89.9 w/m²
2024-10-01,ILAMAD25,11:54:00,57.7 °F,49.3 °F,73 %,NNW,2.5 mph,8.7 mph,29.79 in,0.00 in,0.00 in,0.0,81 w/m²
2024-10-01,ILAMAD25,11:59:00,57.8 °F,49.0 °F,73 %,NW,4.4 mph,13.2 mph,29.79 in,0.00 in,0.00 in,0.0,82 w/m²
2024-10-01,ILAMAD25,12:04:00,58.0 °F,49.3 °F,73 %,NNW,4.1 mph,15.5 mph,29.79 in,0.00 in,0.00 in,0.0,89 w/m²
2024-10-01,ILAMAD25,12:09:00,58.3 °F,49.3 °F,72 %,NW,3.5 mph,14.7 mph,29.78 in,0.00 in,0.00 in,0.0,88.3 w/m²
2024-10-01,ILAMAD25,12:14:00,58.3 °F,49.3 °F,72 %,NW,4.5 mph,19.7 mph,29.78 in,0.00 in,0.00 in,0.0,84.6 w/m²
2024-10-01,ILAMAD25,12:19:00,58.5 °F,49.3 °F,71 %,NW,3.3 mph,12.5 mph,29.78 in,0.00 in,0.00 in,0.0,93.1 w/m²
2024-10-01,ILAMAD25,12:24:00,58.6 °F,49.3 °F,71 %,NW,5.2 mph,27.4 mph,29.78 in,0.00 in,0.00 in,0.0,89 w/m²
2024-10-01,ILAMAD25,12:29:00,58.6 °F,49.3 °F,71 %,NNW,4.7 mph,14.7 mph,29.78 in,0.00 in,0.00 in,0.0,85 w/m²
2024-10-01,ILAMAD25,12:34:00,58.6 °F,49.2 °F,71 %,NNW,5.1 mph,17.1 mph,29.78 in,0.00 in,0.00 in,0.0,69.2 w/m²
2024-10-01,ILAMAD25,12:39:00,58.6 °F,48.8 °F,70 %,NNW,4.6 mph,17.1 mph,29.78 in,0.00 in,0.00 in,0.0,82.9 w/m²
2024-10-01,ILAMAD25,12:44:00,58.6 °F,48.9 °F,70 %,NW,3.3 mph,15.4 mph,29.78 in,0.00 in,0.00 in,0.0,83.6 w/m²
2024-10-01,ILAMAD25,12:49:00,58.6 °F,48.9 °F,70 %,NW,4.8 mph,13.0 mph,29.78 in,0.00 in,0.00 in,0.0,92 w/m²
2024-10-01,ILAMAD25,12:54:00,58.7 °F,48.7 °F,69 %,NW,4.3 mph,12.9 mph,29.78 in,0.00 in,0.00 in,1.0,118.7 w/m²
2024-10-01,ILAMAD25,12:59:00,59.1 °F,48.7 °F,69 %,NW,3.2 mph,13.5 mph,29.78 in,0.00 in,0.00 in,1.0,115.9 w/m²
2024-10-01,ILAMAD25,13:04:00,59.3 °F,48.9 °F,68 %,NW,3.5 mph,10.3 mph,29.78 in,0.00 in,0.00 in,0.0,108.3 w/m²
2024-10-01,ILAMAD25,13:09:00,59.5 °F,48.9 °F,68 %,NNW,4.1 mph,15.5 mph,29.78 in,0.00 in,0.00 in,0.0,75.6 w/m²
2024-10-01,ILAMAD25,13:14:00,59.2 °F,49.1 °F,69 %,NW,2.8 mph,9.2 mph,29.78 in,0.00 in,0.00 in,0.0,70.5 w/m²
2024-10-01,ILAMAD25,13:19:00,59.1 °F,49.0 °F,69 %,NNW,2.4 mph,13.8 mph,29.78 in,0.00 in,0.00 in,0.0,85.8 w/m²
2024-10-01,ILAMAD25,13:24:00,59.1 °F,49.0 °F,69 %,NW,3.4 mph,14.7 mph,29.78 in,0.00 in,0.00 in,0.0,94.7 w/m²
2024-10-01,ILAMAD25,13:29:00,59.7 °F,49.2 °F,68 %,NNW,4.2 mph,16.6 mph,29.78 in,0.00 in,0.00 in,0.0,99.7 w/m²
2024-10-01,ILAMAD25,13:34:00,59.6 °F,49.0 °F,68 %,WNW,3.5 mph,13.7 mph,29.78 in,0.00 in,0.00 in,1.0,147.3 w/m²
2024-10-01,ILAMAD25,13:39:00,59.8 °F,48.7 °F,67 %,WNW,4.8 mph,15.8 mph,29.78 in,0.00 in,0.00 in,3.0,484.2 w/m²
2024-10-01,ILAMAD25,13:44:00,60.3 °F,48.6 °F,65 %,NNW,2.3 mph,12.9 mph,29.78 in,0.00 in,0.00 in,3.0,475.8 w/m²
2024-10-01,ILAMAD25,13:49:00,60.9 °F,49.2 °F,65 %,NW,4.5 mph,14.3 mph,29.78 in,0.00 in,0.00 in,3.0,417.4 w/m²
2024-10-01,ILAMAD25,13:54:00,60.1 °F,49.0 °F,67 %,NW,2.5 mph,10.3 mph,29.78 in,0.00 in,0.00 in,3.0,477.4 w/m²
2024-10-01,ILAMAD25,13:59:00,60.1 °F,48.9 °F,66 %,NNW,2.7 mph,8.1 mph,29.77 in,0.00 in,0.00 in,3.0,473.2 w/m²
2024-10-01,ILAMAD25,14:04:00,61.1 °F,49.3 °F,65 %,NNW,1.0 mph,5.4 mph,29.77 in,0.00 in,0.00 in,3.0,467.2 w/m²
2024-10-01,ILAMAD25,14:09:00,61.1 °F,49.4 °F,65 %,North,4.3 mph,14.6 mph,29.78 in,0.00 in,0.00 in,2.0,361.6 w/m²
2024-10-01,ILAMAD25,14:14:00,60.5 °F,49.2 °F,66 %,,4.6 mph,14.1 mph,29.78 in,0.00 in,0.00 in,1.0,201 w/m²
2024-10-01,ILAMAD25,14:19:00,59.7 °F,48.4 °F,66 %,NNW,2.4 mph,9.5 mph,29.78 in,0.00 in,0.00 in,3.0,486.9 w/m²
2024-10-01,ILAMAD25,14:24:00,60.5 °F,48.3 °F,64 %,NNW,1.4 mph,5.7 mph,29.77 in,0.00 in,0.00 in,3.0,443.9 w/m²
2024-10-01,ILAMAD25,14:29:00,61.5 °F,47.6 °F,60 %,NNW,3.9 mph,10.9 mph,29.77 in,0.00 in,0.00 in,3.0,471.2 w/m²
2024-10-01,ILAMAD25,14:34:00,62.1 °F,48.4 °F,61 %,NNE,7.2 mph,17.8 mph,29.77 in,0.00 in,0.00 in,3.0,463.7 w/m²
2024-10-01,ILAMAD25,14:39:00,61.7 °F,48.5 °F,62 %,SE,5.3 mph,15.8 mph,29.77 in,0.00 in,0.00 in,3.0,464.9 w/m²
2024-10-01,ILAMAD25,14:44:00,62.1 °F,48.3 °F,60 %,NNW,3.6 mph,10.7 mph,29.76 in,0.00 in,0.00 in,3.0,447.5 w/m²
2024-10-01,ILAMAD25,14:49:00,62.8 °F,48.0 °F,58 %,WNW,5.4 mph,10.1 mph,29.77 in,0.00 in,0.00 in,3.0,445 w/m²
2024-10-01,ILAMAD25,14:54:00,62.4 °F,48.0 °F,59 %,WNW,5.6 mph,13.5 mph,29.76 in,0.00 in,0.00 in,3.0,410.8 w/m²
2024-10-01,ILAMAD25,14:59:00,62.4 °F,48.1 °F,60 %,NNW,4.3 mph,12.1 mph,29.76 in,0.00 in,0.00 in,3.0,411.5 w/m²
2024-10-01,ILAMAD25,15:04:00,62.7 °F,48.0 °F,59 %,NW,5.1 mph,17.4 mph,29.76 in,0.00 in,0.00 in,3.0,451.1 w/m²
2024-10-01,ILAMAD25,15:09:00,63.0 °F,47.8 °F,58 %,NW,4.9 mph,12.9 mph,29.76 in,0.00 in,0.00 in,3.0,441.3 w/m²
2024-10-01,ILAMAD25,15:14:00,63.5 °F,47.9 °F,57 %,NW,5.9 mph,13.7 mph,29.76 in,0.00 in,0.00 in,3.0,464.4 w/m²
2024-10-01,ILAMAD25,15:19:00,63.3 °F,47.6 °F,57 %,ENE,7.5 mph,23.1 mph,29.76 in,0.00 in,0.00 in,3.0,458.2 w/m²
2024-10-01,ILAMAD25,15:24:00,62.7 °F,47.8 °F,58 %,West,5.7 mph,14.1 mph,29.76 in,0.00 in,0.00 in,4.0,503 w/m²
2024-10-01,ILAMAD25,15:29:00,62.3 °F,47.9 °F,59 %,WSW,6.3 mph,17.9 mph,29.76 in,0.00 in,0.00 in,3.0,427.2 w/m²
2024-10-01,ILAMAD25,15:34:00,61.9 °F,47.9 °F,60 %,SSE,4.2 mph,12.8 mph,29.76 in,0.00 in,0.00 in,2.0,304.6 w/m²
2024-10-01,ILAMAD25,15:39:00,62.1 °F,47.6 °F,59 %,NNW,5.5 mph,19.3 mph,29.76 in,0.00 in,0.00 in,2.0,298.1 w/m²
2024-10-01,ILAMAD25,15:44:00,61.7 °F,48.0 °F,61 %,NNW,2.9 mph,14.2 mph,29.76 in,0.00 in,0.00 in,3.0,426.7 w/m²
2024-10-01,ILAMAD25,15:49:00,62.2 °F,47.9 °F,60 %,SSW,5.3 mph,14.4 mph,29.76 in,0.00 in,0.00 in,3.0,417.3 w/m²
2024-10-01,ILAMAD25,15:54:00,61.3 °F,48.1 °F,62 %,NW,4.9 mph,18.4 mph,29.76 in,0.00 in,0.00 in,1.0,173.8 w/m²
2024-10-01,ILAMAD25,15:59:00,61.0 °F,47.6 °F,61 %,NNE,3.2 mph,10.5 mph,29.75 in,0.00 in,0.00 in,3.0,443.5 w/m²
2024-10-01,ILAMAD25,16:04:00,62.4 °F,48.7 °F,61 %,NNW,4.3 mph,10.7 mph,29.75 in,0.00 in,0.00 in,3.0,406.7 w/m²
2024-10-01,ILAMAD25,16:09:00,61.9 °F,48.2 °F,61 %,NW,3.4 mph,9.9 mph,29.76 in,0.00 in,0.00 in,2.0,333.9 w/m²
2024-10-01,ILAMAD25,16:14:00,61.5 °F,48.3 °F,62 %,NW,2.8 mph,13.3 mph,29.75 in,0.00 in,0.00 in,1.0,228.6 w/m²
2024-10-01,ILAMAD25,16:19:00,61.1 °F,47.5 °F,61 %,NW,4.1 mph,15.7 mph,29.75 in,0.00 in,0.00 in,3.0,384 w/m²
2024-10-01,ILAMAD25,16:24:00,62.2 °F,47.9 °F,59 %,NW,3.6 mph,15.3 mph,29.75 in,0.00 in,0.00 in,2.0,354.4 w/m²
2024-10-01,ILAMAD25,16:29:00,63.3 °F,48.8 °F,59 %,NW,3.7 mph,13.4 mph,29.75 in,0.00 in,0.00 in,2.0,273.9 w/m²
2024-10-01,ILAMAD25,16:34:00,62.3 °F,48.8 °F,61 %,NNW,2.7 mph,11.9 mph,29.74 in,0.00 in,0.00 in,0.0,96.3 w/m²
2024-10-01,ILAMAD25,16:39:00,61.5 °F,48.9 °F,63 %,SE,3.1 mph,9.4 mph,29.74 in,0.00 in,0.00 in,0.0,103.5 w/m²
2024-10-01,ILAMAD25,16:44:00,61.1 °F,48.6 °F,63 %,NNW,3.1 mph,13.1 mph,29.74 in,0.00 in,0.00 in,0.0,72.9 w/m²
2024-10-01,ILAMAD25,16:49:00,61.0 °F,48.5 °F,63 %,NW,3.0 mph,11.1 mph,29.74 in,0.00 in,0.00 in,0.0,72.8 w/m²
2024-10-01,ILAMAD25,16:54:00,60.7 °F,48.0 °F,63 %,NNW,2.5 mph,11.4 mph,29.74 in,0.00 in,0.00 in,0.0,71.7 w/m²
2024-10-01,ILAMAD25,16:59:00,60.5 °F,47.9 °F,63 %,NNW,2.2 mph,9.7 mph,29.74 in,0.00 in,0.00 in,0.0,77.2 w/m²
2024-10-01,ILAMAD25,17:04:00,60.5 °F,47.6 °F,63 %,NNW,1.3 mph,7.7 mph,29.74 in,0.00 in,0.00 in,0.0,91.8 w/m²
2024-10-01,ILAMAD25,17:09:00,60.6 °F,47.5 °F,62 %,NW,2.2 mph,8.6 mph,29.73 in,0.00 in,0.00 in,0.0,89.2 w/m²
2024-10-01,ILAMAD25,17:14:00,60.4 °F,47.7 °F,63 %,NNW,0.6 mph,3.9 mph,29.74 in,0.00 in,0.00 in,0.0,63.9 w/m²
2024-10-01,ILAMAD25,17:19:00,60.4 °F,47.9 °F,63 %,NNW,2.0 mph,6.5 mph,29.73 in,0.00 in,0.00 in,0.0,57.2 w/m²
2024-10-01,ILAMAD25,17:24:00,60.0 °F,47.8 °F,64 %,North,3.2 mph,13.1 mph,29.73 in,0.00 in,0.00 in,0.0,61.4 w/m²
2024-10-01,ILAMAD25,17:29:00,60.1 °F,47.8 °F,64 %,NNW,2.2 mph,6.7 mph,29.73 in,0.00 in,0.00 in,0.0,62.3 w/m²
2024-10-01,ILAMAD25,17:34:00,60.0 °F,47.8 °F,64 %,NE,1.4 mph,7.3 mph,29.73 in,0.00 in,0.00 in,0.0,66 w/m²
2024-10-01,ILAMAD25,17:39:00,60.1 °F,47.8 °F,64 %,NNW,1.9 mph,6.5 mph,29.73 in,0.00 in,0.00 in,0.0,61.1 w/m²
2024-10-01,ILAMAD25,17:44:00,60.0 °F,47.5 °F,63 %,NW,2.5 mph,7.2 mph,29.73 in,0.00 in,0.00 in,0.0,45.6 w/m²
2024-10-01,ILAMAD25,17:49:00,59.9 °F,47.1 °F,63 %,NNW,2.8 mph,15.1 mph,29.73 in,0.00 in,0.00 in,0.0,53.5 w/m²
2024-10-01,ILAMAD25,17:54:00,59.9 °F,47.2 °F,63 %,NW,2.8 mph,8.3 mph,29.73 in,0.00 in,0.00 in,0.0,53.7 w/m²
2024-10-01,ILAMAD25,17:59:00,59.8 °F,46.9 °F,62 %,NNW,2.5 mph,8.2 mph,29.73 in,0.00 in,0.00 in,0.0,50.8 w/m²
2024-10-01,ILAMAD25,18:04:00,59.8 °F,46.9 °F,62 %,NW,1.6 mph,8.6 mph,29.73 in,0.00 in,0.00 in,0.0,47.3 w/m²
2024-10-01,ILAMAD25,18:09:00,59.6 °F,46.8 °F,62 %,NNW,3.0 mph,12.2 mph,29.73 in,0.00 in,0.00 in,0.0,38.8 w/m²
2024-10-01,ILAMAD25,18:14:00,59.4 °F,46.1 °F,61 %,NNW,4.6 mph,12.7 mph,29.73 in,0.00 in,0.00 in,0.0,27.8 w/m²
2024-10-01,ILAMAD25,18:19:00,59.4 °F,46.4 °F,62 %,,2.4 mph,8.0 mph,29.73 in,0.00 in,0.00 in,0.0,27.5 w/m²
2024-10-01,ILAMAD25,18:24:00,59.4 °F,46.6 °F,63 %,NNW,0.7 mph,4.8 mph,29.73 in,0.00 in,0.00 in,0.0,20.2 w/m²
2024-10-01,ILAMAD25,18:29:00,59.2 °F,46.2 °F,62 %,NW,1.8 mph,6.9 mph,29.72 in,0.00 in,0.00 in,0.0,19.3 w/m²
2024-10-01,ILAMAD25,18:34:00,59.2 °F,45.9 °F,61 %,NE,2.6 mph,8.2 mph,29.72 in,0.00 in,0.00 in,0.0,18.2 w/m²
2024-10-01,ILAMAD25,18:39:00,59.0 °F,45.7 °F,62 %,NNW,1.2 mph,5.3 mph,29.72 in,0.00 in,0.00 in,0.0,16.9 w/m²
2024-10-01,ILAMAD25,18:44:00,58.9 °F,45.4 °F,61 %,NNW,1.9 mph,9.7 mph,29.72 in,0.00 in,0.00 in,0.0,11.6 w/m²
2024-10-01,ILAMAD25,18:49:00,58.8 °F,45.3 °F,61 %,WNW,3.5 mph,13.0 mph,29.72 in,0.00 in,0.00 in,0.0,10.1 w/m²
2024-10-01,ILAMAD25,18:54:00,58.6 °F,45.3 °F,61 %,NW,2.1 mph,7.9 mph,29.73 in,0.00 in,0.00 in,0.0,6.8 w/m²
2024-10-01,ILAMAD25,18:59:00,58.5 °F,45.5 °F,62 %,NW,2.8 mph,16.4 mph,29.73 in,0.00 in,0.00 in,0.0,5.3 w/m²
2024-10-01,ILAMAD25,19:04:00,58.3 °F,45.7 °F,63 %,NW,1.7 mph,10.5 mph,29.73 in,0.00 in,0.00 in,0.0,4.7 w/m²
2024-10-01,ILAMAD25,19:09:00,58.2 °F,46.1 °F,64 %,NNW,1.9 mph,7.8 mph,29.72 in,0.00 in,0.00 in,0.0,3.7 w/m²
2024-10-01,ILAMAD25,19:14:00,58.0 °F,46.2 °F,65 %,NW,0.9 mph,7.3 mph,29.73 in,0.00 in,0.00 in,0.0,2.8 w/m²
2024-10-01,ILAMAD25,19:19:00,57.8 °F,46.5 °F,66 %,NNW,1.6 mph,5.1 mph,29.72 in,0.00 in,0.00 in,0.0,2.3 w/m²
2024-10-01,ILAMAD25,19:24:00,57.7 °F,46.6 °F,66 %,NNW,1.3 mph,5.4 mph,29.72 in,0.00 in,0.00 in,0.0,1.8 w/m²
2024-10-01,ILAMAD25,19:29:00,57.5 °F,46.5 °F,67 %,NNW,1.7 mph,9.5 mph,29.72 in,0.00 in,0.00 in,0.0,1 w/m²
2024-10-01,ILAMAD25,19:34:00,57.3 °F,46.4 °F,67 %,WSW,0.7 mph,5.6 mph,29.72 in,0.00 in,0.00 in,0.0,0.6 w/m²
2024-10-01,ILAMAD25,19:39:00,57.2 °F,46.4 °F,67 %,NNW,2.5 mph,7.5 mph,29.72 in,0.00 in,0.00 in,0.0,0.2 w/m²
2024-10-01,ILAMAD25,19:44:00,57.2 °F,46.7 °F,68 %,NNW,1.7 mph,6.3 mph,29.72 in,0.00 in,0.00 in,0.0,0.1 w/m²
2024-10-01,ILAMAD25,19:49:00,57.0 °F,46.6 °F,68 %,North,1.3 mph,6.1 mph,29.72 in,0.00 in,0.00 in,0.0,0.1 w/m²
2024-10-01,ILAMAD25,19:54:00,56.9 °F,47.0 °F,70 %,NW,0.9 mph,5.3 mph,29.71 in,0.00 in,0.00 in,0.0,0 w/m²
2024-10-01,ILAMAD25,19:59:00,56.6 °F,47.7 °F,72 %,NNW,0.6 mph,4.6 mph,29.72 in,0.00 in,0.00 in,0.0,0 w/m²
2024-10-01,ILAMAD25,20:04:00,56.1 °F,48.0 °F,74 %,NW,1.7 mph,4.8 mph,29.72 in,0.00 in,0.00 in,0.0,0 w/m²
2024-10-01,ILAMAD25,20:09:00,55.8 °F,48.2 °F,75 %,NNW,1.2 mph,7.1 mph,29.72 in,0.00 in,0.00 in,0.0,0 w/m²
2024-10-01,ILAMAD25,20:14:00,55.7 °F,48.3 °F,76 %,NNW,0.7 mph,4.2 mph,29.72 in,0.00 in,0.00 in,0.0,0 w/m²
2024-10-01,ILAMAD25,20:19:00,55.5 °F,48.4 °F,77 %,NNW,0.7 mph,3.4 mph,29.72 in,0.00 in,0.00 in,0.0,0 w/m²
2024-10-01,ILAMAD25,20:24:00,55.4 °F,48.5 °F,77 %,NNW,1.0 mph,4.4 mph,29.72 in,0.00 in,0.00 in,0.0,0 w/m²
2024-10-01,ILAMAD25,20:29:00,55.2 °F,48.7 °F,78 %,NNE,1.9 mph,6.9 mph,29.71 in,0.00 in,0.00 in,0.0,0 w/m²
2024-10-01,ILAMAD25,20:34:00,55.0 °F,48.9 °F,80 %,,2.4 mph,6.5 mph,29.72 in,0.00 in,0.00 in,0.0,0 w/m²
2024-10-01,ILAMAD25,20:39:00,54.7 °F,49.3 °F,82 %,NNW,1.8 mph,6.5 mph,29.72 in,0.05 in,0.01 in,0.0,0 w/m²
2024-10-01,ILAMAD25,20:44:00,54.3 °F,49.5 °F,84 %,NNW,1.7 mph,4.8 mph,29.72 in,0.05 in,0.01 in,0.0,0 w/m²
2024-10-01,ILAMAD25,20:49:00,54.1 °F,49.5 °F,84 %,West,1.5 mph,6.1 mph,29.72 in,0.05 in,0.01 in,0.0,0 w/m²
2024-10-01,ILAMAD25,20:54:00,54.0 °F,49.6 °F,85 %,NW,1.7 mph,5.0 mph,29.72 in,0.09 in,0.02 in,0.0,0 w/m²
2024-10-01,ILAMAD25,20:59:00,53.8 °F,49.6 °F,86 %,NW,1.7 mph,6.7 mph,29.72 in,0.24 in,0.05 in,0.0,0 w/m²
2024-10-01,ILAMAD25,21:04:00,53.6 °F,49.8 °F,87 %,,2.4 mph,9.3 mph,29.71 in,0.24 in,0.05 in,0.0,0 w/m²
2024-10-01,ILAMAD25,21:09:00,53.4 °F,49.7 °F,88 %,NW,1.7 mph,5.9 mph,29.71 in,0.12 in,0.05 in,0.0,0 w/m²
2024-10-01,ILAMAD25,21:14:00,53.4 °F,49.8 °F,88 %,NW,0.8 mph,4.2 mph,29.71 in,0.02 in,0.05 in,0.0,0 w/m²
2024-10-01,ILAMAD25,21:19:00,53.2 °F,49.6 °F,88 %,NW,1.7 mph,6.3 mph,29.71 in,0.00 in,0.05 in,0.0,0 w/m²
2024-10-01,ILAMAD25,21:24:00,53.2 °F,49.6 °F,88 %,WNW,1.7 mph,5.0 mph,29.71 in,0.05 in,0.06 in,0.0,0 w/m²
2024-10-01,ILAMAD25,21:29:00,53.2 °F,49.8 °F,89 %,NW,1.3 mph,5.9 mph,29.71 in,0.05 in,0.06 in,0.0,0 w/m²
2024-10-01,ILAMAD25,21:34:00,53.2 °F,49.9 °F,89 %,WNW,1.9 mph,5.5 mph,29.71 in,0.09 in,0.07 in,0.0,0 w/m²
2024-10-01,ILAMAD25,21:39:00,53.1 °F,49.9 °F,89 %,NNW,1.2 mph,3.6 mph,29.71 in,0.14 in,0.08 in,0.0,0 w/m²
2024-10-01,ILAMAD25,21:44:00,53.1 °F,50.1 °F,90 %,WNW,1.8 mph,7.5 mph,29.71 in,0.19 in,0.10 in,0.0,0 w/m²
2024-10-01,ILAMAD25,21:49:00,52.9 °F,50.0 °F,90 %,WNW,1.0 mph,5.5 mph,29.71 in,0.19 in,0.10 in,0.0,0 w/m²
2024-10-01,ILAMAD25,21:54:00,52.9 °F,50.1 °F,90 %,NW,1.1 mph,5.9 mph,29.71 in,0.09 in,0.11 in,0.0,0 w/m²
2024-10-01,ILAMAD25,21:59:00,52.9 °F,50.4 °F,91 %,NW,1.1 mph,5.5 mph,29.70 in,0.05 in,0.11 in,0.0,0 w/m²
2024-10-01,ILAMAD25,22:04:00,52.9 °F,50.4 °F,91 %,NW,0.5 mph,3.4 mph,29.70 in,0.05 in,0.11 in,0.0,0 w/m²
2024-10-01,ILAMAD25,22:09:00,52.9 °F,50.4 °F,91 %,NW,1.0 mph,4.4 mph,29.70 in,0.12 in,0.13 in,0.0,0 w/m²
2024-10-01,ILAMAD25,22:14:00,52.9 °F,50.5 °F,91 %,West,1.7 mph,4.4 mph,29.70 in,0.12 in,0.13 in,0.0,0 w/m²
2024-10-01,ILAMAD25,22:19:00,52.9 °F,50.7 °F,92 %,NNW,0.2 mph,3.2 mph,29.70 in,0.12 in,0.14 in,0.0,0 w/m²
2024-10-01,ILAMAD25,22:24:00,52.9 °F,50.7 °F,92 %,NNW,0.5 mph,3.4 mph,29.70 in,0.09 in,0.14 in,0.0,0 w/m²
2024-10-01,ILAMAD25,22:29:00,52.7 °F,50.5 °F,92 %,NNW,0.1 mph,4.2 mph,29.70 in,0.09 in,0.15 in,0.0,0 w/m²
2024-10-01,ILAMAD25,22:34:00,52.7 °F,50.5 °F,92 %,NW,0.7 mph,4.8 mph,29.70 in,0.05 in,0.15 in,0.0,0 w/m²
2024-10-01,ILAMAD25,22:39:00,52.7 °F,50.5 °F,92 %,NW,0.1 mph,3.3 mph,29.70 in,0.05 in,0.15 in,0.0,0 w/m²
2024-10-01,ILAMAD25,22:44:00,52.7 °F,50.5 °F,92 %,NNW,0.2 mph,1.7 mph,29.70 in,0.00 in,0.15 in,0.0,0 w/m²
2024-10-01,ILAMAD25,22:49:00,52.6 °F,50.5 °F,92 %,NW,0.2 mph,2.2 mph,29.69 in,0.00 in,0.15 in,0.0,0 w/m²
2024-10-01,ILAMAD25,22:54:00,52.5 °F,50.4 °F,92 %,NNW,0.1 mph,1.5 mph,29.70 in,0.00 in,0.15 in,0.0,0 w/m²
2024-10-01,ILAMAD25,22:59:00,52.5 °F,50.4 °F,92 %,NNW,0.0 mph,1.5 mph,29.70 in,0.00 in,0.15 in,0.0,0 w/m²
2024-10-01,ILAMAD25,23:04:00,52.5 °F,50.4 °F,92 %,NW,0.1 mph,2.8 mph,29.69 in,0.00 in,0.15 in,0.0,0 w/m²
2024-10-01,ILAMAD25,23:09:00,52.5 °F,50.4 °F,92 %,NW,0.6 mph,4.4 mph,29.69 in,0.05 in,0.16 in,0.0,0 w/m²
2024-10-01,ILAMAD25,23:14:00,52.5 °F,50.4 °F,92 %,NW,0.3 mph,5.7 mph,29.69 in,0.05 in,0.16 in,0.0,0 w/m²
2024-10-01,ILAMAD25,23:19:00,52.3 °F,50.2 °F,92 %,NNW,0.1 mph,2.6 mph,29.70 in,0.05 in,0.16 in,0.0,0 w/m²
2024-10-01,ILAMAD25,23:24:00,52.3 °F,50.2 °F,92 %,NNW,0.2 mph,2.4 mph,29.70 in,0.00 in,0.16 in,0.0,0 w/m²
2024-10-01,ILAMAD25,23:29:00,52.3 °F,50.2 °F,92 %,NNW,0.2 mph,1.6 mph,29.69 in,0.00 in,0.16 in,0.0,0 w/m²
2024-10-01,ILAMAD25,23:34:00,52.3 °F,50.2 °F,92 %,NNW,0.1 mph,2.2 mph,29.70 in,0.00 in,0.16 in,0.0,0 w/m²
2024-10-01,ILAMAD25,23:39:00,52.2 °F,50.1 °F,92 %,NNW,0.0 mph,0.0 mph,29.69 in,0.00 in,0.16 in,0.0,0 w/m²
2024-10-01,ILAMAD25,23:44:00,52.2 °F,50.2 °F,93 %,NNW,0.0 mph,0.0 mph,29.69 in,0.00 in,0.16 in,0.0,0 w/m²
2024-10-01,ILAMAD25,23:49:00,52.2 °F,50.2 °F,93 %,NNW,0.0 mph,1.0 mph,29.70 in,0.00 in,0.16 in,0.0,0 w/m²
2024-10-01,ILAMAD25,23:54:00,52.2 °F,50.1 °F,93 %,NNW,0.0 mph,0.0 mph,29.70 in,0.00 in,0.16 in,0.0,0 w/m²
2024-10-01,ILAMAD25,23:59:00,52.2 °F,50.2 °F,93 %,NNW,0.1 mph,1.0 mph,29.69 in,0.00 in,0.16 in,0.0,0 w/m²
2024-10-02,ILAMAD25,,,,,,,,,,,,
2024-10-02,ILAMAD25,00:04:00,52.2 °F,50.2 °F,93 %,NNW,0.0 mph,0.0 mph,29.69 in,0.00 in,0.16 in,0.0,0 w/m²
2024-10-02,ILAMAD25,00:09:00,52.1 °F,50.1 °F,93 %,NNW,0.0 mph,0.0 mph,29.70 in,0.00 in,0.16 in,0.0,0 w/m²
2024-10-02,ILAMAD25,00:14:00,52.0 °F,50.0 °F,93 %,NW,0.0 mph,0.0 mph,29.69 in,0.00 in,0.16 in,0.0,0 w/m²
2024-10-02,ILAMAD25,00:19:00,51.8 °F,49.8 °F,93 %,NW,0.0 mph,1.0 mph,29.69 in,0.00 in,0.16 in,0.0,0 w/m²
2024-10-02,ILAMAD25,00:24:00,51.8 °F,49.8 °F,93 %,NNW,0.1 mph,1.3 mph,29.70 in,0.00 in,0.16 in,0.0,0 w/m²
2024-10-02,ILAMAD25,00:29:00,51.7 °F,49.7 °F,93 %,NNW,0.4 mph,4.4 mph,29.69 in,0.00 in,0.16 in,0.0,0 w/m²
2024-10-02,ILAMAD25,00:34:00,51.6 °F,49.6 °F,93 %,NNW,0.1 mph,1.5 mph,29.70 in,0.00 in,0.16 in,0.0,0 w/m²
2024-10-02,ILAMAD25,00:39:00,51.6 °F,49.6 °F,93 %,NNW,0.0 mph,0.0 mph,29.70 in,0.00 in,0.16 in,0.0,0 w/m²
2024-10-02,ILAMAD25,00:44:00,51.6 °F,49.6 °F,93 %,NNW,0.0 mph,0.0 mph,29.69 in,0.00 in,0.16 in,0.0,0 w/m²
2024-10-02,ILAMAD25,00:49:00,51.6 °F,49.7 °F,94 %,NNW,0.0 mph,0.0 mph,29.70 in,0.00 in,0.16 in,0.0,0 w/m²
2024-10-02,ILAMAD25,00:54:00,51.6 °F,49.8 °F,94 %,NNW,0.0 mph,0.0 mph,29.70 in,0.00 in,0.16 in,0.0,0 w/m²
2024-10-02,ILAMAD25,00:59:00,51.8 °F,50.0 °F,94 %,NNW,0.0 mph,0.0 mph,29.70 in,0.00 in,0.16 in,0.0,0 w/m²
2024-10-02,ILAMAD25,01:04:00,51.9 °F,50.1 °F,94 %,NW,0.0 mph,0.0 mph,29.70 in,0.00 in,0.16 in,0.0,0 w/m²
2024-10-02,ILAMAD25,01:09:00,52.0 °F,50.2 °F,94 %,NNW,0.0 mph,0.0 mph,29.70 in,0.00 in,0.16 in,0.0,0 w/m²
2024-10-02,ILAMAD25,01:14:00,52.0 °F,50.2 °F,94 %,NNW,0.0 mph,0.0 mph,29.70 in,0.00 in,0.16 in,0.0,0 w/m²
2024-10-02,ILAMAD25,01:19:00,52.0 °F,50.2 °F,94 %,NNW,0.0 mph,0.0 mph,29.70 in,0.00 in,0.16 in,0.0,0 w/m²
2024-10-02,ILAMAD25,01:24:00,52.0 °F,50.2 °F,94 %,NNW,0.0 mph,0.0 mph,29.70 in,0.00 in,0.16 in,0.0,0 w/m²
2024-10-02,ILAMAD25,01:29:00,52.0 °F,50.2 °F,94 %,NNW,0.0 mph,0.0 mph,29.70 in,0.00 in,0.16 in,0.0,0 w/m²
2024-10-02,ILAMAD25,01:34:00,52.0 °F,50.2 °F,94 %,NNW,0.0 mph,0.0 mph,29.70 in,0.00 in,0.16 in,0.0,0 w/m²
2024-10-02,ILAMAD25,01:39:00,52.0 °F,50.2 °F,94 %,NNW,0.0 mph,0.0 mph,29.70 in,0.00 in,0.16 in,0.0,0 w/m²
2024-10-02,ILAMAD25,01:44:00,51.8 °F,50.0 °F,94 %,NNW,0.0 mph,0.0 mph,29.70 in,0.00 in,0.16 in,0.0,0 w/m²
2024-10-02,ILAMAD25,01:49:00,51.8 °F,50.0 °F,94 %,NNW,0.0 mph,0.0 mph,29.71 in,0.00 in,0.16 in,0.0,0 w/m²
2024-10-02,ILAMAD25,01:54:00,51.8 °F,50.0 °F,94 %,NNW,0.0 mph,0.0 mph,29.71 in,0.00 in,0.16 in,0.0,0 w/m²
2024-10-02,ILAMAD25,01:59:00,51.7 °F,49.9 °F,94 %,NNW,0.0 mph,0.0 mph,29.71 in,0.00 in,0.16 in,0.0,0 w/m²
2024-10-02,ILAMAD25,02:04:00,51.6 °F,49.8 °F,94 %,NNW,0.0 mph,0.0 mph,29.71 in,0.00 in,0.16 in,0.0,0 w/m²
2024-10-02,ILAMAD25,02:09:00,51.6 °F,49.8 °F,94 %,NNW,0.0 mph,0.0 mph,29.71 in,0.00 in,0.16 in,0.0,0 w/m²
2024-10-02,ILAMAD25,02:14:00,51.4 °F,49.6 °F,94 %,NNW,0.0 mph,0.0 mph,29.71 in,0.00 in,0.16 in,0.0,0 w/m²
2024-10-02,ILAMAD25,02:19:00,51.4 °F,49.6 °F,94 %,NNW,0.0 mph,0.0 mph,29.72 in,0.00 in,0.16 in,0.0,0 w/m²
2024-10-02,ILAMAD25,02:24:00,51.3 °F,49.8 °F,95 %,NNW,0.0 mph,0.0 mph,29.72 in,0.00 in,0.16 in,0.0,0 w/m²
2024-10-02,ILAMAD25,02:29:00,51.3 °F,49.8 °F,95 %,NNW,0.0 mph,0.0 mph,29.72 in,0.00 in,0.16 in,0.0,0 w/m²
2024-10-02,ILAMAD25,02:34:00,51.4 °F,50.0 °F,95 %,NNW,0.0 mph,0.0 mph,29.72 in,0.00 in,0.16 in,0.0,0 w/m²
2024-10-02,ILAMAD25,02:39:00,51.6 °F,50.2 °F,95 %,NNW,0.0 mph,0.0 mph,29.73 in,0.00 in,0.16 in,0.0,0 w/m²
2024-10-02,ILAMAD25,02:44:00,51.6 °F,50.2 °F,95 %,NNW,0.0 mph,0.0 mph,29.73 in,0.00 in,0.16 in,0.0,0 w/m²
2024-10-02,ILAMAD25,02:49:00,51.6 °F,50.2 °F,95 %,NNW,0.0 mph,0.0 mph,29.73 in,0.00 in,0.16 in,0.0,0 w/m²
2024-10-02,ILAMAD25,02:54:00,51.6 °F,50.2 °F,95 %,NNW,0.0 mph,0.0 mph,29.73 in,0.00 in,0.16 in,0.0,0 w/m²
2024-10-02,ILAMAD25,02:59:00,51.6 °F,50.2 °F,95 %,NNW,0.0 mph,0.0 mph,29.73 in,0.00 in,0.16 in,0.0,0 w/m²
2024-10-02,ILAMAD25,03:04:00,51.6 °F,50.2 °F,95 %,NNW,0.0 mph,0.0 mph,29.73 in,0.00 in,0.16 in,0.0,0 w/m²
2024-10-02,ILAMAD25,03:09:00,51.6 °F,50.2 °F,95 %,NNW,0.0 mph,0.0 mph,29.73 in,0.00 in,0.16 in,0.0,0 w/m²
2024-10-02,ILAMAD25,03:14:00,51.6 °F,50.2 °F,95 %,NNW,0.0 mph,0.0 mph,29.73 in,0.00 in,0.16 in,0.0,0 w/m²
2024-10-02,ILAMAD25,03:19:00,51.6 °F,50.2 °F,95 %,NNW,0.0 mph,0.0 mph,29.73 in,0.00 in,0.16 in,0.0,0 w/m²
2024-10-02,ILAMAD25,03:24:00,51.8 °F,50.4 °F,95 %,NNW,0.0 mph,0.0 mph,29.74 in,0.00 in,0.16 in,0.0,0 w/m²
2024-10-02,ILAMAD25,03:29:00,51.8 °F,50.4 °F,95 %,NNW,0.0 mph,0.0 mph,29.74 in,0.00 in,0.16 in,0.0,0 w/m²
2024-10-02,ILAMAD25,03:34:00,51.8 °F,50.4 °F,95 %,NNW,0.0 mph,0.0 mph,29.74 in,0.00 in,0.16 in,0.0,0 w/m²
2024-10-02,ILAMAD25,03:39:00,51.8 °F,50.4 °F,95 %,NNW,0.0 mph,0.0 mph,29.74 in,0.00 in,0.16 in,0.0,0 w/m²
2024-10-02,ILAMAD25,03:44:00,51.8 °F,50.4 °F,95 %,NNW,0.0 mph,0.0 mph,29.74 in,0.00 in,0.16 in,0.0,0 w/m²
2024-10-02,ILAMAD25,03:49:00,51.8 °F,50.4 °F,95 %,NNW,0.0 mph,0.0 mph,29.75 in,0.00 in,0.16 in,0.0,0 w/m²
2024-10-02,ILAMAD25,03:54:00,51.8 °F,50.4 °F,95 %,NNW,0.0 mph,0.0 mph,29.74 in,0.00 in,0.16 in,0.0,0 w/m²
2024-10-02,ILAMAD25,03:59:00,51.8 °F,50.4 °F,95 %,NNW,0.0 mph,0.0 mph,29.75 in,0.00 in,0.16 in,0.0,0 w/m²
2024-10-02,ILAMAD25,04:04:00,51.8 °F,50.4 °F,95 %,NNW,0.0 mph,0.0 mph,29.74 in,0.00 in,0.16 in,0.0,0 w/m²
2024-10-02,ILAMAD25,04:09:00,51.8 °F,50.4 °F,95 %,NNW,0.0 mph,0.0 mph,29.75 in,0.00 in,0.16 in,0.0,0 w/m²
2024-10-02,ILAMAD25,04:14:00,51.8 °F,50.4 °F,95 %,NNW,0.0 mph,0.0 mph,29.75 in,0.00 in,0.16 in,0.0,0 w/m²
2024-10-02,ILAMAD25,04:19:00,51.8 °F,50.4 °F,95 %,NNW,0.0 mph,0.0 mph,29.75 in,0.00 in,0.16 in,0.0,0 w/m²
2024-10-02,ILAMAD25,04:24:00,51.8 °F,50.4 °F,95 %,NNW,0.0 mph,0.0 mph,29.75 in,0.00 in,0.16 in,0.0,0 w/m²
2024-10-02,ILAMAD25,04:29:00,51.8 °F,50.4 °F,95 %,NNW,0.0 mph,0.0 mph,29.75 in,0.00 in,0.16 in,0.0,0 w/m²
2024-10-02,ILAMAD25,04:34:00,51.8 °F,50.4 °F,95 %,NNW,0.0 mph,0.0 mph,29.75 in,0.00 in,0.16 in,0.0,0 w/m²
2024-10-02,ILAMAD25,04:39:00,51.8 °F,50.4 °F,95 %,NNW,0.0 mph,0.0 mph,29.75 in,0.00 in,0.16 in,0.0,0 w/m²
2024-10-02,ILAMAD25,04:44:00,51.8 °F,50.4 °F,95 %,NNW,0.0 mph,0.0 mph,29.75 in,0.00 in,0.16 in,0.0,0 w/m²
2024-10-02,ILAMAD25,04:49:00,51.8 °F,50.4 °F,95 %,NNW,0.0 mph,0.0 mph,29.75 in,0.00 in,0.16 in,0.0,0 w/m²
2024-10-02,ILAMAD25,04:54:00,51.6 °F,50.2 °F,95 %,NNW,0.0 mph,0.0 mph,29.75 in,0.00 in,0.16 in,0.0,0 w/m²
2024-10-02,ILAMAD25,04:59:00,51.6 °F,50.2 °F,95 %,NNW,0.0 mph,0.0 mph,29.75 in,0.00 in,0.16 in,0.0,0 w/m²
2024-10-02,ILAMAD25,05:04:00,51.6 °F,50.2 °F,95 %,NNW,0.0 mph,0.0 mph,29.75 in,0.00 in,0.16 in,0.0,0 w/m²
2024-10-02,ILAMAD25,05:09:00,51.5 °F,50.1 °F,95 %,NNW,0.0 mph,0.0 mph,29.75 in,0.00 in,0.16 in,0.0,0 w/m²
2024-10-02,ILAMAD25,05:14:00,51.3 °F,49.9 °F,95 %,NNW,0.0 mph,0.0 mph,29.75 in,0.00 in,0.16 in,0.0,0 w/m²
2024-10-02,ILAMAD25,05:19:00,51.0 °F,49.5 °F,95 %,NNW,0.0 mph,0.0 mph,29.75 in,0.00 in,0.16 in,0.0,0 w/m²
2024-10-02,ILAMAD25,05:24:00,50.8 °F,49.4 °F,95 %,NNW,0.0 mph,0.0 mph,29.76 in,0.00 in,0.16 in,0.0,0 w/m²
2024-10-02,ILAMAD25,05:29:00,50.6 °F,49.2 °F,95 %,NNW,0.0 mph,0.0 mph,29.76 in,0.00 in,0.16 in,0.0,0 w/m²
2024-10-02,ILAMAD25,05:34:00,50.5 °F,49.0 °F,95 %,NNW,0.0 mph,0.0 mph,29.76 in,0.00 in,0.16 in,0.0,0 w/m²
2024-10-02,ILAMAD25,05:39:00,50.2 °F,48.7 °F,95 %,NNW,0.0 mph,0.0 mph,29.76 in,0.00 in,0.16 in,0.0,0 w/m²
2024-10-02,ILAMAD25,05:44:00,50.0 °F,48.6 °F,95 %,NNW,0.0 mph,0.0 mph,29.76 in,0.00 in,0.16 in,0.0,0 w/m²
2024-10-02,ILAMAD25,05:49:00,50.0 °F,48.6 °F,95 %,NNW,0.0 mph,0.0 mph,29.77 in,0.00 in,0.16 in,0.0,0 w/m²
2024-10-02,ILAMAD25,05:54:00,49.8 °F,48.4 °F,95 %,NNW,0.0 mph,0.0 mph,29.77 in,0.00 in,0.16 in,0.0,0 w/m²
2024-10-02,ILAMAD25,05:59:00,49.6 °F,48.2 °F,95 %,NNW,0.0 mph,0.0 mph,29.77 in,0.00 in,0.16 in,0.0,0 w/m²
2024-10-02,ILAMAD25,06:04:00,49.5 °F,48.1 °F,95 %,NNW,0.0 mph,0.0 mph,29.77 in,0.00 in,0.16 in,0.0,0 w/m²
2024-10-02,ILAMAD25,06:09:00,49.5 °F,48.0 °F,95 %,NNW,0.0 mph,0.0 mph,29.77 in,0.00 in,0.16 in,0.0,0 w/m²
2024-10-02,ILAMAD25,06:14:00,49.5 °F,48.1 °F,95 %,NNW,0.0 mph,0.0 mph,29.78 in,0.00 in,0.16 in,0.0,0 w/m²
2024-10-02,ILAMAD25,06:19:00,49.6 °F,48.2 °F,95 %,NNW,0.0 mph,0.0 mph,29.78 in,0.00 in,0.16 in,0.0,0 w/m²
2024-10-02,ILAMAD25,06:24:00,49.6 °F,48.2 °F,95 %,NNW,0.0 mph,0.0 mph,29.78 in,0.00 in,0.16 in,0.0,0 w/m²
2024-10-02,ILAMAD25,06:29:00,49.6 °F,48.2 °F,95 %,NNW,0.0 mph,0.0 mph,29.78 in,0.00 in,0.16 in,0.0,0 w/m²
2024-10-02,ILAMAD25,06:34:00,49.6 °F,48.2 °F,95 %,NNW,0.0 mph,0.0 mph,29.78 in,0.00 in,0.16 in,0.0,0 w/m²
2024-10-02,ILAMAD25,06:39:00,49.5 °F,48.0 °F,95 %,NNW,0.0 mph,0.0 mph,29.78 in,0.00 in,0.16 in,0.0,0 w/m²
2024-10-02,ILAMAD25,06:44:00,49.3 °F,47.8 °F,95 %,NNW,0.0 mph,0.0 mph,29.78 in,0.00 in,0.16 in,0.0,0 w/m²
2024-10-02,ILAMAD25,06:49:00,49.2 °F,47.7 °F,95 %,NNW,0.0 mph,0.0 mph,29.78 in,0.00 in,0.16 in,0.0,0 w/m²
2024-10-02,ILAMAD25,06:54:00,49.0 °F,47.6 °F,95 %,NNW,0.0 mph,0.0 mph,29.78 in,0.00 in,0.16 in,0.0,0 w/m²
2024-10-02,ILAMAD25,06:59:00,48.9 °F,47.5 °F,95 %,NNW,0.0 mph,0.0 mph,29.78 in,0.00 in,0.16 in,0.0,0 w/m²
2024-10-02,ILAMAD25,07:04:00,48.7 °F,47.3 °F,95 %,NNW,0.0 mph,0.0 mph,29.79 in,0.00 in,0.16 in,0.0,0 w/m²
2024-10-02,ILAMAD25,07:09:00,48.7 °F,47.5 °F,96 %,NNW,0.0 mph,0.0 mph,29.79 in,0.00 in,0.16 in,0.0,0 w/m²
2024-10-02,ILAMAD25,07:14:00,48.7 °F,47.8 °F,96 %,NNW,0.0 mph,0.0 mph,29.79 in,0.00 in,0.16 in,0.0,0 w/m²
2024-10-02,ILAMAD25,07:19:00,48.6 °F,47.6 °F,96 %,NNW,0.0 mph,0.0 mph,29.79 in,0.00 in,0.16 in,0.0,0 w/m²
2024-10-02,ILAMAD25,07:24:00,48.9 °F,48.0 °F,96 %,NNW,0.0 mph,0.0 mph,29.79 in,0.00 in,0.16 in,0.0,0 w/m²
2024-10-02,ILAMAD25,07:29:00,49.3 °F,48.4 °F,96 %,NNW,0.0 mph,0.0 mph,29.80 in,0.00 in,0.16 in,0.0,0.1 w/m²
2024-10-02,ILAMAD25,07:34:00,49.3 °F,48.4 °F,96 %,NNW,0.1 mph,1.0 mph,29.80 in,0.00 in,0.16 in,0.0,0.1 w/m²
2024-10-02,ILAMAD25,07:39:00,49.3 °F,48.4 °F,96 %,NW,0.2 mph,2.6 mph,29.80 in,0.00 in,0.16 in,0.0,0.3 w/m²
2024-10-02,ILAMAD25,07:44:00,49.2 °F,48.3 °F,96 %,NW,0.1 mph,1.2 mph,29.81 in,0.00 in,0.16 in,0.0,0.5 w/m²
2024-10-02,ILAMAD25,07:49:00,49.1 °F,48.2 °F,96 %,NW,0.3 mph,2.6 mph,29.81 in,0.00 in,0.16 in,0.0,1.1 w/m²
2024-10-02,ILAMAD25,07:54:00,48.9 °F,48.0 °F,96 %,NNW,0.0 mph,0.9 mph,29.81 in,0.00 in,0.16 in,0.0,1.7 w/m²
2024-10-02,ILAMAD25,07:59:00,48.7 °F,47.8 °F,96 %,NNW,0.0 mph,1.6 mph,29.81 in,0.00 in,0.16 in,0.0,2.5 w/m²
2024-10-02,ILAMAD25,08:04:00,48.7 °F,47.8 °F,96 %,NNW,0.0 mph,0.0 mph,29.81 in,0.00 in,0.00 in,0.0,3.3 w/m²
2024-10-02,ILAMAD25,08:09:00,48.7 °F,47.8 °F,96 %,NNW,0.0 mph,0.0 mph,29.81 in,0.00 in,0.00 in,0.0,4.2 w/m²
2024-10-02,ILAMAD25,08:14:00,48.7 °F,47.8 °F,96 %,NNW,0.0 mph,0.0 mph,29.81 in,0.00 in,0.00 in,0.0,5.3 w/m²
2024-10-02,ILAMAD25,08:19:00,48.6 °F,47.7 °F,96 %,NNW,0.0 mph,0.0 mph,29.81 in,0.00 in,0.00 in,0.0,6.5 w/m²
2024-10-02,ILAMAD25,08:24:00,48.4 °F,47.5 °F,96 %,NNW,0.0 mph,0.0 mph,29.81 in,0.00 in,0.00 in,0.0,7.5 w/m²
2024-10-02,ILAMAD25,08:29:00,48.3 °F,47.4 °F,96 %,NNW,0.0 mph,0.0 mph,29.82 in,0.00 in,0.00 in,0.0,9.2 w/m²
2024-10-02,ILAMAD25,08:34:00,48.2 °F,47.3 °F,96 %,NNW,0.0 mph,0.0 mph,29.82 in,0.00 in,0.00 in,0.0,10.8 w/m²
2024-10-02,ILAMAD25,08:39:00,48.3 °F,47.4 °F,96 %,NNW,0.0 mph,0.0 mph,29.82 in,0.00 in,0.00 in,0.0,14 w/m²
2024-10-02,ILAMAD25,08:44:00,48.2 °F,47.3 °F,96 %,NNW,0.0 mph,0.0 mph,29.82 in,0.00 in,0.00 in,0.0,18.4 w/m²
2024-10-02,ILAMAD25,08:49:00,48.4 °F,47.5 °F,96 %,NNW,0.0 mph,0.0 mph,29.83 in,0.00 in,0.00 in,0.0,19.9 w/m²
2024-10-02,ILAMAD25,08:54:00,48.5 °F,47.6 °F,96 %,NNW,0.0 mph,0.0 mph,29.83 in,0.00 in,0.00 in,0.0,21.6 w/m²
2024-10-02,ILAMAD25,08:59:00,48.6 °F,47.7 °F,96 %,NNW,0.0 mph,0.0 mph,29.83 in,0.00 in,0.00 in,0.0,19.4 w/m²
2024-10-02,ILAMAD25,09:04:00,48.6 °F,47.7 °F,96 %,NNW,0.0 mph,0.0 mph,29.83 in,0.00 in,0.00 in,0.0,25 w/m²
2024-10-02,ILAMAD25,09:09:00,48.7 °F,47.8 °F,96 %,NNW,0.0 mph,0.0 mph,29.83 in,0.00 in,0.00 in,0.0,26.6 w/m²
2024-10-02,ILAMAD25,09:14:00,49.0 °F,48.1 °F,96 %,NNW,0.0 mph,0.0 mph,29.84 in,0.00 in,0.00 in,0.0,22.3 w/m²
2024-10-02,ILAMAD25,09:19:00,49.1 °F,48.2 °F,96 %,NW,0.1 mph,1.6 mph,29.84 in,0.00 in,0.00 in,0.0,22.6 w/m²
2024-10-02,ILAMAD25,09:24:00,49.2 °F,48.3 °F,96 %,NNW,0.0 mph,0.0 mph,29.84 in,0.00 in,0.00 in,0.0,23.4 w/m²
2024-10-02,ILAMAD25,09:29:00,49.3 °F,48.3 °F,96 %,NW,0.2 mph,2.4 mph,29.85 in,0.00 in,0.00 in,0.0,24.4 w/m²
2024-10-02,ILAMAD25,09:34:00,49.3 °F,47.8 °F,95 %,NW,0.2 mph,2.8 mph,29.85 in,0.00 in,0.00 in,0.0,22.9 w/m²
2024-10-02,ILAMAD25,09:39:00,49.4 °F,47.9 °F,95 %,NNW,0.0 mph,0.2 mph,29.85 in,0.00 in,0.00 in,0.0,25.9 w/m²
2024-10-02,ILAMAD25,09:44:00,49.7 °F,48.3 °F,95 %,NNW,0.0 mph,0.0 mph,29.85 in,0.00 in,0.00 in,0.0,26.3 w/m²
2024-10-02,ILAMAD25,09:49:00,49.9 °F,48.5 °F,95 %,NNW,0.0 mph,0.2 mph,29.85 in,0.00 in,0.00 in,0.0,26.2 w/m²
2024-10-02,ILAMAD25,09:54:00,50.0 °F,48.5 °F,95 %,NW,0.1 mph,1.5 mph,29.85 in,0.00 in,0.00 in,0.0,25.9 w/m²
2024-10-02,ILAMAD25,09:59:00,50.0 °F,48.2 °F,94 %,NW,0.0 mph,1.2 mph,29.85 in,0.00 in,0.00 in,0.0,26.6 w/m²
2024-10-02,ILAMAD25,10:04:00,50.2 °F,48.3 °F,94 %,NW,0.0 mph,1.3 mph,29.85 in,0.00 in,0.00 in,0.0,26.7 w/m²
2024-10-02,ILAMAD25,10:09:00,50.5 °F,48.6 °F,93 %,NW,0.0 mph,1.2 mph,29.85 in,0.00 in,0.00 in,0.0,27 w/m²
2024-10-02,ILAMAD25,10:14:00,51.1 °F,49.1 °F,93 %,NW,0.0 mph,0.0 mph,29.85 in,0.00 in,0.00 in,0.0,27.2 w/m²
2024-10-02,ILAMAD25,10:19:00,51.5 °F,49.5 °F,93 %,NW,0.0 mph,0.0 mph,29.86 in,0.00 in,0.00 in,0.0,27.3 w/m²
2024-10-02,ILAMAD25,10:24:00,51.9 °F,49.6 °F,92 %,NW,0.0 mph,0.4 mph,29.86 in,0.00 in,0.00 in,0.0,27.2 w/m²
2024-10-02,ILAMAD25,10:29:00,52.3 °F,49.8 °F,91 %,NW,0.0 mph,0.8 mph,29.86 in,0.00 in,0.00 in,0.0,27.6 w/m²
2024-10-02,ILAMAD25,10:34:00,52.8 °F,50.3 °F,91 %,NW,0.1 mph,1.1 mph,29.86 in,0.00 in,0.00 in,0.0,27.7 w/m²
2024-10-02,ILAMAD25,10:39:00,53.2 °F,50.3 °F,90 %,NW,0.0 mph,0.0 mph,29.86 in,0.00 in,0.00 in,0.0,28.1 w/m²
2024-10-02,ILAMAD25,10:44:00,53.6 °F,50.7 °F,90 %,NW,0.0 mph,0.0 mph,29.86 in,0.00 in,0.00 in,0.0,33.6 w/m²
2024-10-02,ILAMAD25,10:49:00,53.8 °F,50.4 °F,88 %,NW,0.0 mph,1.1 mph,29.86 in,0.00 in,0.00 in,0.0,29 w/m²
2024-10-02,ILAMAD25,10:54:00,54.1 °F,50.5 °F,88 %,NNW,0.1 mph,1.2 mph,29.86 in,0.00 in,0.00 in,0.0,28.6 w/m²
2024-10-02,ILAMAD25,10:59:00,54.4 °F,50.5 °F,87 %,NNW,0.0 mph,0.4 mph,29.86 in,0.00 in,0.00 in,0.0,28.7 w/m²
2024-10-02,ILAMAD25,11:04:00,54.7 °F,50.7 °F,86 %,NNW,0.0 mph,1.2 mph,29.86 in,0.00 in,0.00 in,0.0,28.8 w/m²
2024-10-02,ILAMAD25,11:09:00,55.0 °F,50.9 °F,86 %,NNW,0.0 mph,0.0 mph,29.87 in,0.00 in,0.00 in,0.0,28.8 w/m²
2024-10-02,ILAMAD25,11:14:00,55.2 °F,50.8 °F,85 %,NW,0.3 mph,2.1 mph,29.87 in,0.00 in,0.00 in,0.0,28.1 w/m²
2024-10-02,ILAMAD25,11:19:00,55.3 °F,50.5 °F,84 %,NNW,0.1 mph,2.2 mph,29.86 in,0.00 in,0.00 in,0.0,28.3 w/m²
2024-10-02,ILAMAD25,11:24:00,55.8 °F,50.9 °F,84 %,NNW,0.0 mph,0.0 mph,29.87 in,0.00 in,0.00 in,0.0,28.2 w/m²
2024-10-02,ILAMAD25,11:29:00,56.1 °F,51.2 °F,84 %,NW,0.0 mph,0.0 mph,29.86 in,0.00 in,0.00 in,0.0,29 w/m²
2024-10-02,ILAMAD25,11:34:00,56.3 °F,50.9 °F,82 %,NNW,0.0 mph,1.2 mph,29.87 in,0.00 in,0.00 in,0.0,28.9 w/m²
2024-10-02,ILAMAD25,11:39:00,56.5 °F,50.8 °F,81 %,NNW,0.0 mph,0.9 mph,29.87 in,0.00 in,0.00 in,0.0,32.1 w/m²
2024-10-02,ILAMAD25,11:44:00,56.8 °F,51.1 °F,81 %,NW,0.1 mph,0.4 mph,29.87 in,0.00 in,0.00 in,0.0,47.1 w/m²
2024-10-02,ILAMAD25,11:49:00,57.4 °F,51.5 °F,81 %,NNW,0.0 mph,0.8 mph,29.87 in,0.00 in,0.00 in,0.0,52.2 w/m²
2024-10-02,ILAMAD25,11:54:00,57.7 °F,50.5 °F,77 %,NNW,0.1 mph,0.7 mph,29.88 in,0.00 in,0.00 in,0.0,37.3 w/m²
2024-10-02,ILAMAD25,11:59:00,57.5 °F,50.8 °F,78 %,NNW,0.0 mph,0.8 mph,29.87 in,0.00 in,0.00 in,0.0,37.6 w/m²
2024-10-02,ILAMAD25,12:04:00,57.5 °F,50.6 °F,78 %,NNW,0.0 mph,0.0 mph,29.87 in,0.00 in,0.00 in,0.0,38.2 w/m²
2024-10-02,ILAMAD25,12:09:00,57.6 °F,50.3 °F,77 %,NNW,0.2 mph,2.1 mph,29.88 in,0.00 in,0.00 in,0.0,42.2 w/m²
2024-10-02,ILAMAD25,12:14:00,58.2 °F,50.8 °F,77 %,NNW,0.1 mph,2.0 mph,29.88 in,0.00 in,0.00 in,0.0,36.3 w/m²
2024-10-02,ILAMAD25,12:19:00,58.6 °F,51.1 °F,76 %,NNW,0.4 mph,3.2 mph,29.87 in,0.00 in,0.00 in,0.0,34.6 w/m²
2024-10-02,ILAMAD25,12:24:00,58.7 °F,50.5 °F,74 %,NNW,0.5 mph,3.3 mph,29.87 in,0.00 in,0.00 in,0.0,29.5 w/m²
2024-10-02,ILAMAD25,12:29:00,59.2 °F,51.0 °F,74 %,NNW,0.0 mph,0.0 mph,29.87 in,0.00 in,0.00 in,0.0,29.5 w/m²
2024-10-02,ILAMAD25,12:34:00,59.4 °F,50.9 °F,73 %,NNW,0.0 mph,0.0 mph,29.88 in,0.00 in,0.00 in,0.0,29.8 w/m²
2024-10-02,ILAMAD25,12:39:00,59.9 °F,51.3 °F,73 %,NNW,0.0 mph,1.1 mph,29.88 in,0.00 in,0.00 in,0.0,32.6 w/m²
2024-10-02,ILAMAD25,12:44:00,60.2 °F,51.2 °F,72 %,NNW,0.1 mph,1.0 mph,29.88 in,0.00 in,0.00 in,0.0,47.7 w/m²
2024-10-02,ILAMAD25,12:49:00,60.4 °F,50.9 °F,71 %,NNW,0.0 mph,1.2 mph,29.87 in,0.00 in,0.00 in,0.0,38.7 w/m²
2024-10-02,ILAMAD25,12:54:00,60.6 °F,50.7 °F,70 %,NNW,0.2 mph,1.3 mph,29.88 in,0.00 in,0.00 in,0.0,32.3 w/m²
2024-10-02,ILAMAD25,12:59:00,60.9 °F,51.2 °F,70 %,NNW,0.0 mph,1.2 mph,29.88 in,0.00 in,0.00 in,0.0,32.7 w/m²
2024-10-02,ILAMAD25,13:04:00,61.4 °F,50.8 °F,68 %,NNW,0.0 mph,1.1 mph,29.88 in,0.00 in,0.00 in,0.0,31 w/m²
2024-10-02,ILAMAD25,13:09:00,61.5 °F,50.8 °F,68 %,NNW,0.2 mph,2.0 mph,29.88 in,0.00 in,0.00 in,0.0,31.7 w/m²
2024-10-02,ILAMAD25,13:14:00,62.0 °F,51.1 °F,68 %,NNW,0.1 mph,0.4 mph,29.88 in,0.00 in,0.00 in,0.0,43 w/m²
2024-10-02,ILAMAD25,13:19:00,62.9 °F,50.9 °F,65 %,NNW,0.0 mph,2.0 mph,29.88 in,0.00 in,0.00 in,0.0,44.2 w/m²
2024-10-02,ILAMAD25,13:24:00,63.3 °F,50.8 °F,64 %,NNW,0.3 mph,1.0 mph,29.88 in,0.00 in,0.00 in,0.0,43.9 w/m²
2024-10-02,ILAMAD25,13:29:00,63.9 °F,50.3 °F,61 %,NNW,0.1 mph,1.9 mph,29.88 in,0.00 in,0.00 in,0.0,51.6 w/m²
2024-10-02,ILAMAD25,13:34:00,64.0 °F,49.9 °F,60 %,NNW,0.0 mph,0.4 mph,29.88 in,0.00 in,0.00 in,0.0,53.7 w/m²
2024-10-02,ILAMAD25,13:39:00,63.4 °F,49.8 °F,61 %,NW,0.0 mph,0.4 mph,29.88 in,0.00 in,0.00 in,3.0,414.9 w/m²
2024-10-02,ILAMAD25,13:44:00,62.4 °F,48.3 °F,60 %,NNW,0.1 mph,2.2 mph,29.88 in,0.00 in,0.00 in,3.0,440.5 w/m²
2024-10-02,ILAMAD25,13:49:00,62.6 °F,47.8 °F,58 %,NNW,0.2 mph,2.2 mph,29.88 in,0.00 in,0.00 in,3.0,446.2 w/m²
2024-10-02,ILAMAD25,13:54:00,64.2 °F,48.7 °F,57 %,NW,0.3 mph,2.8 mph,29.88 in,0.00 in,0.00 in,3.0,402.3 w/m²
2024-10-02,ILAMAD25,13:59:00,62.0 °F,47.1 °F,58 %,NNW,0.2 mph,2.8 mph,29.88 in,0.00 in,0.00 in,3.0,469.8 w/m²
2024-10-02,ILAMAD25,14:04:00,62.3 °F,47.0 °F,57 %,NNW,0.1 mph,3.0 mph,29.88 in,0.00 in,0.00 in,3.0,474.1 w/m²
2024-10-02,ILAMAD25,14:09:00,63.2 °F,46.7 °F,55 %,NW,0.0 mph,0.6 mph,29.88 in,0.00 in,0.00 in,3.0,476.2 w/m²
2024-10-02,ILAMAD25,14:14:00,65.5 °F,48.2 °F,53 %,NW,0.0 mph,0.0 mph,29.88 in,0.00 in,0.00 in,3.0,487 w/m²
2024-10-02,ILAMAD25,14:19:00,66.7 °F,49.7 °F,54 %,NNW,0.0 mph,0.6 mph,29.89 in,0.00 in,0.00 in,1.0,120.4 w/m²
2024-10-02,ILAMAD25,14:24:00,63.9 °F,47.6 °F,55 %,NW,0.8 mph,6.1 mph,29.89 in,0.00 in,0.00 in,1.0,163.4 w/m²
2024-10-02,ILAMAD25,14:29:00,63.0 °F,47.3 °F,57 %,NNW,0.1 mph,0.6 mph,29.89 in,0.00 in,0.00 in,1.0,130.4 w/m²
2024-10-02,ILAMAD25,14:34:00,63.2 °F,48.3 °F,58 %,NNW,0.0 mph,0.4 mph,29.89 in,0.00 in,0.00 in,1.0,215.9 w/m²
2024-10-02,ILAMAD25,14:39:00,63.2 °F,49.6 °F,61 %,NNW,0.0 mph,0.0 mph,29.89 in,0.00 in,0.00 in,1.0,117.8 w/m²
2024-10-02,ILAMAD25,14:44:00,62.5 °F,49.4 °F,62 %,NNW,0.0 mph,0.0 mph,29.89 in,0.00 in,0.00 in,1.0,167.3 w/m²
2024-10-02,ILAMAD25,14:49:00,61.9 °F,49.2 °F,63 %,NNW,0.0 mph,0.0 mph,29.89 in,0.00 in,0.00 in,3.0,414.1 w/m²
2024-10-02,ILAMAD25,14:54:00,63.3 °F,49.6 °F,61 %,NNW,1.1 mph,3.8 mph,29.89 in,0.00 in,0.00 in,2.0,312.2 w/m²
2024-10-02,ILAMAD25,14:59:00,62.5 °F,49.7 °F,63 %,NW,0.6 mph,5.5 mph,29.89 in,0.00 in,0.00 in,1.0,168 w/m²
2024-10-02,ILAMAD25,15:04:00,62.4 °F,50.0 °F,64 %,NNW,0.4 mph,3.2 mph,29.89 in,0.00 in,0.00 in,1.0,156.9 w/m²
2024-10-02,ILAMAD25,15:09:00,62.2 °F,49.4 °F,63 %,NNW,0.5 mph,3.2 mph,29.89 in,0.00 in,0.00 in,1.0,157.9 w/m²
2024-10-02,ILAMAD25,15:14:00,62.2 °F,49.7 °F,64 %,NNW,0.0 mph,1.8 mph,29.89 in,0.00 in,0.00 in,1.0,152.5 w/m²
2024-10-02,ILAMAD25,15:19:00,62.7 °F,50.5 °F,64 %,NW,0.5 mph,2.4 mph,29.89 in,0.00 in,0.00 in,1.0,118.5 w/m²
2024-10-02,ILAMAD25,15:24:00,62.3 °F,50.0 °F,64 %,NW,0.7 mph,3.0 mph,29.89 in,0.00 in,0.00 in,0.0,97.8 w/m²
2024-10-02,ILAMAD25,15:29:00,61.7 °F,49.9 °F,65 %,NNW,0.4 mph,2.4 mph,29.89 in,0.00 in,0.00 in,0.0,78.1 w/m²
2024-10-02,ILAMAD25,15:34:00,61.7 °F,50.1 °F,66 %,NNW,0.0 mph,0.4 mph,29.89 in,0.00 in,0.00 in,0.0,60.3 w/m²
2024-10-02,ILAMAD25,15:39:00,61.4 °F,50.1 °F,66 %,NW,0.6 mph,2.6 mph,29.90 in,0.00 in,0.00 in,0.0,40.8 w/m²
2024-10-02,ILAMAD25,15:44:00,61.1 °F,50.3 °F,68 %,NNW,0.1 mph,2.1 mph,29.89 in,0.00 in,0.00 in,0.0,27.4 w/m²
2024-10-02,ILAMAD25,15:49:00,60.9 °F,50.4 °F,68 %,NW,0.7 mph,3.6 mph,29.90 in,0.00 in,0.00 in,0.0,18.2 w/m²
2024-10-02,ILAMAD25,15:54:00,60.6 °F,50.6 °F,69 %,NNW,0.4 mph,3.0 mph,29.90 in,0.00 in,0.00 in,0.0,12.3 w/m²
2024-10-02,ILAMAD25,15:59:00,60.3 °F,50.9 °F,71 %,NNW,0.3 mph,1.8 mph,29.90 in,0.00 in,0.00 in,0.0,9.1 w/m²
2024-10-02,ILAMAD25,16:04:00,59.9 °F,51.4 °F,73 %,NNW,0.3 mph,3.2 mph,29.91 in,0.00 in,0.00 in,0.0,8.3 w/m²
2024-10-02,ILAMAD25,16:09:00,59.4 °F,52.4 °F,78 %,,0.0 mph,0.0 mph,29.91 in,0.00 in,0.00 in,0.0,12.7 w/m²
2024-10-02,ILAMAD25,16:14:00,58.8 °F,52.5 °F,80 %,NNW,0.0 mph,0.0 mph,29.91 in,0.00 in,0.00 in,0.0,23.9 w/m²
2024-10-02,ILAMAD25,16:19:00,58.6 °F,52.9 °F,81 %,NNW,0.0 mph,0.0 mph,29.91 in,0.00 in,0.00 in,0.0,52.2 w/m²
2024-10-02,ILAMAD25,16:24:00,58.4 °F,52.7 °F,81 %,NNW,0.0 mph,0.0 mph,29.90 in,0.00 in,0.00 in,0.0,72.9 w/m²
2024-10-02,ILAMAD25,16:29:00,58.5 °F,52.7 °F,81 %,NNW,0.1 mph,1.4 mph,29.91 in,0.00 in,0.00 in,0.0,85.8 w/m²
2024-10-02,ILAMAD25,16:34:00,58.6 °F,52.7 °F,81 %,NNW,0.1 mph,0.6 mph,29.91 in,0.00 in,0.00 in,0.0,94.3 w/m²
2024-10-02,ILAMAD25,16:39:00,59.1 °F,52.9 °F,80 %,NNW,0.1 mph,1.4 mph,29.90 in,0.00 in,0.00 in,0.0,94.9 w/m²
2024-10-02,ILAMAD25,16:44:00,59.7 °F,53.0 °F,79 %,NW,0.0 mph,0.6 mph,29.90 in,0.00 in,0.00 in,0.0,100.7 w/m²
2024-10-02,ILAMAD25,16:49:00,59.9 °F,53.1 °F,78 %,NNW,0.3 mph,3.4 mph,29.90 in,0.00 in,0.00 in,0.0,44.1 w/m²
2024-10-02,ILAMAD25,16:54:00,59.5 °F,52.9 °F,78 %,NNW,0.3 mph,2.4 mph,29.90 in,0.00 in,0.00 in,0.0,25.4 w/m²
2024-10-02,ILAMAD25,16:59:00,59.4 °F,52.5 °F,78 %,NW,0.1 mph,1.9 mph,29.90 in,0.00 in,0.00 in,0.0,17.5 w/m²
2024-10-02,ILAMAD25,17:04:00,59.1 °F,52.3 °F,78 %,,0.1 mph,1.6 mph,29.90 in,0.00 in,0.00 in,0.0,19 w/m²
2024-10-02,ILAMAD25,17:09:00,59.0 °F,52.4 °F,79 %,NNW,0.0 mph,0.0 mph,29.90 in,0.00 in,0.00 in,0.0,20.5 w/m²
2024-10-02,ILAMAD25,17:14:00,58.8 °F,52.3 °F,79 %,NNW,0.2 mph,2.2 mph,29.91 in,0.00 in,0.00 in,0.0,30.2 w/m²
2024-10-02,ILAMAD25,17:19:00,58.7 °F,52.0 °F,79 %,NNW,0.0 mph,1.2 mph,29.91 in,0.00 in,0.00 in,0.0,35 w/m²
2024-10-02,ILAMAD25,17:24:00,58.5 °F,51.7 °F,78 %,,0.1 mph,1.5 mph,29.91 in,0.00 in,0.00 in,0.0,36.1 w/m²
2024-10-02,ILAMAD25,17:29:00,58.2 °F,51.1 °F,77 %,NNW,0.3 mph,2.6 mph,29.91 in,0.00 in,0.00 in,0.0,22.2 w/m²
2024-10-02,ILAMAD25,17:34:00,58.1 °F,50.9 °F,77 %,NW,0.2 mph,1.4 mph,29.91 in,0.00 in,0.00 in,0.0,39.4 w/m²
2024-10-02,ILAMAD25,17:39:00,57.9 °F,50.4 °F,76 %,NNW,0.2 mph,3.0 mph,29.91 in,0.00 in,0.00 in,0.0,40.3 w/m²
2024-10-02,ILAMAD25,17:44:00,57.7 °F,49.9 °F,75 %,NNW,0.4 mph,3.2 mph,29.92 in,0.00 in,0.00 in,0.0,39.4 w/m²
2024-10-02,ILAMAD25,17:49:00,57.3 °F,49.5 °F,75 %,NW,0.6 mph,3.2 mph,29.91 in,0.00 in,0.00 in,0.0,33.7 w/m²
2024-10-02,ILAMAD25,17:54:00,56.7 °F,49.3 °F,76 %,,0.1 mph,2.2 mph,29.91 in,0.00 in,0.00 in,0.0,32.9 w/m²
2024-10-02,ILAMAD25,17:59:00,56.3 °F,49.1 °F,77 %,NNW,0.2 mph,2.4 mph,29.91 in,0.00 in,0.00 in,0.0,33.7 w/m²
2024-10-02,ILAMAD25,18:04:00,56.1 °F,48.9 °F,77 %,NNW,0.2 mph,2.6 mph,29.91 in,0.00 in,0.00 in,0.0,31.1 w/m²
2024-10-02,ILAMAD25,18:09:00,55.9 °F,48.7 °F,77 %,NNW,0.5 mph,4.6 mph,29.92 in,0.00 in,0.00 in,0.0,33.6 w/m²
2024-10-02,ILAMAD25,18:14:00,55.8 °F,48.6 °F,77 %,NNW,0.1 mph,2.4 mph,29.92 in,0.00 in,0.00 in,0.0,32.6 w/m²
2024-10-02,ILAMAD25,18:19:00,55.8 °F,48.6 °F,77 %,,0.0 mph,0.0 mph,29.92 in,0.00 in,0.00 in,0.0,27.6 w/m²
2024-10-02,ILAMAD25,18:24:00,55.7 °F,48.4 °F,77 %,NNW,0.3 mph,2.4 mph,29.92 in,0.00 in,0.00 in,0.0,23.4 w/m²
2024-10-02,ILAMAD25,18:29:00,55.5 °F,48.4 °F,77 %,NNW,0.0 mph,1.2 mph,29.92 in,0.00 in,0.00 in,0.0,38 w/m²
2024-10-02,ILAMAD25,18:34:00,55.7 °F,48.4 °F,77 %,NNW,0.1 mph,0.2 mph,29.93 in,0.00 in,0.00 in,0.0,33.8 w/m²
2024-10-02,ILAMAD25,18:39:00,55.6 °F,48.1 °F,76 %,NNW,0.6 mph,3.0 mph,29.93 in,0.00 in,0.00 in,0.0,20.1 w/m²
2024-10-02,ILAMAD25,18:44:00,55.4 °F,47.9 °F,76 %,NNW,0.1 mph,1.6 mph,29.93 in,0.00 in,0.00 in,0.0,18 w/m²
2024-10-02,ILAMAD25,18:49:00,55.3 °F,47.9 °F,76 %,NNW,0.0 mph,0.0 mph,29.94 in,0.00 in,0.00 in,0.0,17.6 w/m²
2024-10-02,ILAMAD25,18:54:00,55.4 °F,48.4 °F,77 %,NNW,0.0 mph,0.0 mph,29.94 in,0.00 in,0.00 in,0.0,17.3 w/m²
2024-10-02,ILAMAD25,18:59:00,55.4 °F,48.2 °F,77 %,NNW,0.0 mph,0.0 mph,29.94 in,0.00 in,0.00 in,0.0,9.9 w/m²
2024-10-02,ILAMAD25,19:04:00,55.4 °F,48.4 °F,77 %,NNW,0.0 mph,0.0 mph,29.94 in,0.00 in,0.00 in,0.0,8 w/m²
2024-10-02,ILAMAD25,19:09:00,55.5 °F,48.4 °F,77 %,,0.1 mph,0.6 mph,29.94 in,0.00 in,0.00 in,0.0,3.8 w/m²
2024-10-02,ILAMAD25,19:14:00,55.6 °F,48.9 °F,78 %,NNW,0.1 mph,2.1 mph,29.94 in,0.00 in,0.00 in,0.0,1.9 w/m²
2024-10-02,ILAMAD25,19:19:00,55.8 °F,48.9 °F,78 %,North,0.1 mph,2.6 mph,29.95 in,0.00 in,0.00 in,0.0,1.2 w/m²
2024-10-02,ILAMAD25,19:24:00,55.8 °F,49.1 °F,78 %,,0.0 mph,1.0 mph,29.94 in,0.00 in,0.00 in,0.0,0.8 w/m²
2024-10-02,ILAMAD25,19:29:00,55.8 °F,49.1 °F,78 %,NNW,0.0 mph,1.7 mph,29.95 in,0.00 in,0.00 in,0.0,0.6 w/m²
2024-10-02,ILAMAD25,19:34:00,55.8 °F,49.2 °F,78 %,NNW,0.0 mph,0.4 mph,29.95 in,0.00 in,0.00 in,0.0,0.3 w/m²
2024-10-02,ILAMAD25,19:39:00,55.8 °F,49.3 °F,79 %,NNW,0.0 mph,0.0 mph,29.95 in,0.00 in,0.00 in,0.0,0.2 w/m²
2024-10-02,ILAMAD25,19:44:00,55.8 °F,49.3 °F,79 %,,0.0 mph,0.6 mph,29.96 in,0.00 in,0.00 in,0.0,0.1 w/m²
2024-10-02,ILAMAD25,19:49:00,55.8 °F,49.3 °F,79 %,NNW,0.1 mph,3.4 mph,29.96 in,0.00 in,0.00 in,0.0,0 w/m²
2024-10-02,ILAMAD25,19:54:00,55.6 °F,49.1 °F,79 %,NNW,0.0 mph,1.4 mph,29.96 in,0.00 in,0.00 in,0.0,0 w/m²
2024-10-02,ILAMAD25,19:59:00,55.5 °F,49.1 °F,79 %,,0.1 mph,1.0 mph,29.96 in,0.00 in,0.00 in,0.0,0 w/m²
2024-10-02,ILAMAD25,20:04:00,55.4 °F,49.1 °F,79 %,NNW,0.1 mph,2.1 mph,29.96 in,0.00 in,0.00 in,0.0,0 w/m²
2024-10-02,ILAMAD25,20:09:00,55.4 °F,49.2 °F,79 %,NNW,0.0 mph,1.4 mph,29.96 in,0.00 in,0.00 in,0.0,0 w/m²
2024-10-02,ILAMAD25,20:14:00,55.3 °F,49.0 °F,79 %,,0.1 mph,2.1 mph,29.97 in,0.00 in,0.00 in,0.0,0 w/m²
2024-10-02,ILAMAD25,20:19:00,55.1 °F,48.8 °F,79 %,NNW,0.5 mph,3.2 mph,29.96 in,0.00 in,0.00 in,0.0,0 w/m²
2024-10-02,ILAMAD25,20:24:00,54.9 °F,48.6 °F,79 %,NNW,0.1 mph,3.0 mph,29.96 in,0.00 in,0.00 in,0.0,0 w/m²
2024-10-02,ILAMAD25,20:29:00,54.9 °F,48.6 °F,79 %,NNW,0.0 mph,1.4 mph,29.97 in,0.00 in,0.00 in,0.0,0 w/m²
2024-10-02,ILAMAD25,20:34:00,54.7 °F,48.6 °F,80 %,,0.0 mph,0.0 mph,29.97 in,0.00 in,0.00 in,0.0,0 w/m²
2024-10-02,ILAMAD25,20:39:00,54.7 °F,48.6 °F,80 %,NNW,0.0 mph,0.0 mph,29.97 in,0.00 in,0.00 in,0.0,0 w/m²
2024-10-02,ILAMAD25,20:44:00,54.7 °F,48.6 °F,80 %,NNW,0.2 mph,0.6 mph,29.97 in,0.00 in,0.00 in,0.0,0 w/m²
2024-10-02,ILAMAD25,20:49:00,54.5 °F,48.4 °F,80 %,NNW,0.1 mph,1.9 mph,29.97 in,0.00 in,0.00 in,0.0,0 w/m²
2024-10-02,ILAMAD25,20:54:00,54.5 °F,48.4 °F,80 %,NNW,0.0 mph,0.0 mph,29.98 in,0.00 in,0.00 in,0.0,0 w/m²
2024-10-02,ILAMAD25,20:59:00,54.5 °F,48.4 °F,80 %,NNW,0.0 mph,0.0 mph,29.98 in,0.00 in,0.00 in,0.0,0 w/m²
2024-10-02,ILAMAD25,21:04:00,54.4 °F,48.3 °F,80 %,North,0.1 mph,0.6 mph,29.98 in,0.00 in,0.00 in,0.0,0 w/m²
2024-10-02,ILAMAD25,21:09:00,54.3 °F,48.2 °F,80 %,,0.1 mph,1.8 mph,29.98 in,0.00 in,0.00 in,0.0,0 w/m²
2024-10-02,ILAMAD25,21:14:00,54.3 °F,48.1 °F,80 %,NNW,0.1 mph,1.9 mph,29.98 in,0.00 in,0.00 in,0.0,0 w/m²
2024-10-02,ILAMAD25,21:19:00,54.3 °F,48.2 °F,80 %,,0.1 mph,1.8 mph,29.99 in,0.00 in,0.00 in,0.0,0 w/m²
2024-10-02,ILAMAD25,21:24:00,54.3 °F,48.2 °F,80 %,NNW,0.0 mph,0.0 mph,29.99 in,0.00 in,0.00 in,0.0,0 w/m²
2024-10-02,ILAMAD25,21:29:00,54.3 °F,48.5 °F,81 %,NNW,0.0 mph,0.0 mph,29.99 in,0.00 in,0.00 in,0.0,0 w/m²
2024-10-02,ILAMAD25,21:34:00,54.2 °F,48.2 °F,80 %,NW,0.0 mph,1.4 mph,29.99 in,0.00 in,0.00 in,0.0,0 w/m²
2024-10-02,ILAMAD25,21:39:00,54.3 °F,48.4 °F,81 %,NNW,0.0 mph,0.0 mph,29.99 in,0.00 in,0.00 in,0.0,0 w/m²
2024-10-02,ILAMAD25,21:44:00,54.1 °F,48.4 °F,81 %,NNW,0.0 mph,0.0 mph,29.99 in,0.00 in,0.00 in,0.0,0 w/m²
2024-10-02,ILAMAD25,21:49:00,54.1 °F,48.4 °F,81 %,NNW,0.0 mph,0.0 mph,29.99 in,0.00 in,0.00 in,0.0,0 w/m²
2024-10-02,ILAMAD25,21:54:00,54.1 °F,48.4 °F,81 %,NNW,0.1 mph,0.4 mph,29.99 in,0.00 in,0.00 in,0.0,0 w/m²
2024-10-02,ILAMAD25,21:59:00,54.1 °F,48.0 °F,80 %,NNW,0.0 mph,1.1 mph,29.99 in,0.00 in,0.00 in,0.0,0 w/m²
2024-10-02,ILAMAD25,22:04:00,54.0 °F,48.0 °F,80 %,NNW,0.1 mph,1.3 mph,29.99 in,0.00 in,0.00 in,0.0,0 w/m²
2024-10-02,ILAMAD25,22:09:00,54.0 °F,48.0 °F,80 %,NNW,0.1 mph,2.6 mph,29.99 in,0.00 in,0.00 in,0.0,0 w/m²
2024-10-02,ILAMAD25,22:14:00,54.0 °F,48.0 °F,80 %,NNW,0.0 mph,0.0 mph,29.99 in,0.00 in,0.00 in,0.0,0 w/m²
2024-10-02,ILAMAD25,22:19:00,54.0 °F,48.2 °F,81 %,NNW,0.0 mph,0.0 mph,29.99 in,0.00 in,0.00 in,0.0,0 w/m²
2024-10-02,ILAMAD25,22:24:00,54.0 °F,48.2 °F,81 %,NNW,0.2 mph,3.2 mph,29.99 in,0.00 in,0.00 in,0.0,0 w/m²
2024-10-02,ILAMAD25,22:29:00,54.0 °F,48.1 °F,80 %,NNW,0.2 mph,2.8 mph,29.99 in,0.00 in,0.00 in,0.0,0 w/m²
2024-10-02,ILAMAD25,22:34:00,53.9 °F,48.1 °F,81 %,NNW,0.1 mph,2.0 mph,29.99 in,0.00 in,0.00 in,0.0,0 w/m²
2024-10-02,ILAMAD25,22:39:00,53.8 °F,47.9 °F,80 %,NNW,0.0 mph,1.1 mph,29.99 in,0.00 in,0.00 in,0.0,0 w/m²
2024-10-02,ILAMAD25,22:44:00,53.8 °F,47.9 °F,80 %,NNW,0.3 mph,1.4 mph,30.00 in,0.00 in,0.00 in,0.0,0 w/m²
2024-10-02,ILAMAD25,22:49:00,53.8 °F,47.8 °F,80 %,NNW,0.1 mph,1.1 mph,30.00 in,0.00 in,0.00 in,0.0,0 w/m²
2024-10-02,ILAMAD25,22:54:00,53.8 °F,47.8 °F,80 %,NNW,0.2 mph,2.6 mph,30.00 in,0.00 in,0.00 in,0.0,0 w/m²
2024-10-02,ILAMAD25,22:59:00,53.8 °F,47.7 °F,80 %,NNW,0.3 mph,3.4 mph,30.00 in,0.00 in,0.00 in,0.0,0 w/m²
2024-10-02,ILAMAD25,23:04:00,53.8 °F,47.8 °F,80 %,NNW,0.1 mph,2.1 mph,30.00 in,0.00 in,0.00 in,0.0,0 w/m²
2024-10-02,ILAMAD25,23:09:00,53.6 °F,47.7 °F,80 %,NNW,0.1 mph,1.2 mph,30.00 in,0.00 in,0.00 in,0.0,0 w/m²
2024-10-02,ILAMAD25,23:14:00,53.6 °F,47.8 °F,81 %,North,0.0 mph,1.2 mph,30.00 in,0.00 in,0.00 in,0.0,0 w/m²
2024-10-02,ILAMAD25,23:19:00,53.5 °F,47.6 °F,80 %,NNW,0.1 mph,2.2 mph,30.01 in,0.00 in,0.00 in,0.0,0 w/m²
2024-10-02,ILAMAD25,23:24:00,53.4 °F,47.6 °F,81 %,,0.0 mph,1.2 mph,30.00 in,0.00 in,0.00 in,0.0,0 w/m²
2024-10-02,ILAMAD25,23:29:00,53.4 °F,47.7 °F,81 %,NW,0.1 mph,1.1 mph,30.01 in,0.00 in,0.00 in,0.0,0 w/m²
2024-10-02,ILAMAD25,23:34:00,53.4 °F,47.7 °F,81 %,,0.0 mph,0.4 mph,30.01 in,0.00 in,0.00 in,0.0,0 w/m²
2024-10-02,ILAMAD25,23:39:00,53.4 °F,47.7 °F,81 %,NNW,0.1 mph,1.8 mph,30.01 in,0.00 in,0.00 in,0.0,0 w/m²
2024-10-02,ILAMAD25,23:44:00,53.3 °F,47.6 °F,81 %,NNW,0.1 mph,1.3 mph,30.01 in,0.00 in,0.00 in,0.0,0 w/m²
2024-10-02,ILAMAD25,23:49:00,53.2 °F,47.5 °F,81 %,NNW,0.1 mph,2.2 mph,30.01 in,0.00 in,0.00 in,0.0,0 w/m²
2024-10-02,ILAMAD25,23:54:00,53.2 °F,47.5 °F,81 %,NNW,0.0 mph,0.0 mph,30.01 in,0.00 in,0.00 in,0.0,0 w/m²
2024-10-02,ILAMAD25,23:59:00,53.2 °F,47.5 °F,81 %,NNW,0.1 mph,1.2 mph,30.01 in,0.00 in,0.00 in,0.0,0 w/m²
2024-10-03,ILAMAD25,,,,,,,,,,,,
2024-10-03,ILAMAD25,00:04:00,53.4 °F,47.9 °F,82 %,NNW,0.0 mph,1.1 mph,30.01 in,0.00 in,0.00 in,0.0,0 w/m²
2024-10-03,ILAMAD25,00:09:00,53.2 °F,47.8 °F,82 %,NNW,0.0 mph,1.0 mph,30.01 in,0.00 in,0.00 in,0.0,0 w/m²
2024-10-03,ILAMAD25,00:14:00,53.2 °F,47.8 °F,82 %,,0.1 mph,1.3 mph,30.01 in,0.00 in,0.00 in,0.0,0 w/m²
2024-10-03,ILAMAD25,00:19:00,53.1 °F,47.7 °F,82 %,NNW,0.0 mph,0.0 mph,30.01 in,0.00 in,0.00 in,0.0,0 w/m²
2024-10-03,ILAMAD25,00:24:00,53.1 °F,47.7 °F,82 %,NNW,0.0 mph,0.0 mph,30.02 in,0.00 in,0.00 in,0.0,0 w/m²
2024-10-03,ILAMAD25,00:29:00,53.1 °F,47.7 °F,82 %,NNW,0.1 mph,1.1 mph,30.02 in,0.00 in,0.00 in,0.0,0 w/m²
2024-10-03,ILAMAD25,00:34:00,53.1 °F,47.7 °F,82 %,North,0.1 mph,1.2 mph,30.02 in,0.00 in,0.00 in,0.0,0 w/m²
2024-10-03,ILAMAD25,00:39:00,53.1 °F,47.7 °F,82 %,NNW,0.2 mph,3.8 mph,30.02 in,0.00 in,0.00 in,0.0,0 w/m²
2024-10-03,ILAMAD25,00:44:00,52.9 °F,47.5 °F,82 %,NNW,0.2 mph,2.8 mph,30.02 in,0.00 in,0.00 in,0.0,0 w/m²
2024-10-03,ILAMAD25,00:49:00,52.9 °F,47.7 °F,83 %,NNW,0.0 mph,0.4 mph,30.02 in,0.00 in,0.00 in,0.0,0 w/m²
2024-10-03,ILAMAD25,00:54:00,52.7 °F,47.7 °F,83 %,NNW,0.1 mph,1.0 mph,30.02 in,0.00 in,0.00 in,0.0,0 w/m²
2024-10-03,ILAMAD25,00:59:00,52.7 °F,47.7 °F,83 %,NNW,0.0 mph,0.4 mph,30.02 in,0.00 in,0.00 in,0.0,0 w/m²
2024-10-03,ILAMAD25,01:04:00,52.7 °F,47.7 °F,83 %,NNW,0.0 mph,0.0 mph,30.02 in,0.00 in,0.00 in,0.0,0 w/m²
2024-10-03,ILAMAD25,01:09:00,52.7 °F,47.8 °F,83 %,NNW,0.0 mph,0.4 mph,30.02 in,0.00 in,0.00 in,0.0,0 w/m²
2024-10-03,ILAMAD25,01:14:00,52.5 °F,47.7 °F,84 %,NNW,0.0 mph,0.8 mph,30.02 in,0.00 in,0.00 in,0.0,0 w/m²
2024-10-03,ILAMAD25,01:19:00,52.4 °F,47.8 °F,84 %,NNW,0.0 mph,0.0 mph,30.02 in,0.00 in,0.00 in,0.0,0 w/m²
2024-10-03,ILAMAD25,01:24:00,52.3 °F,47.7 °F,84 %,NNW,0.1 mph,0.6 mph,30.03 in,0.00 in,0.00 in,0.0,0 w/m²
2024-10-03,ILAMAD25,01:29:00,52.3 °F,48.0 °F,85 %,NNW,0.0 mph,1.0 mph,30.03 in,0.00 in,0.00 in,0.0,0 w/m²
2024-10-03,ILAMAD25,01:34:00,52.2 °F,47.8 °F,85 %,NNW,0.0 mph,1.7 mph,30.02 in,0.00 in,0.00 in,0.0,0 w/m²
2024-10-03,ILAMAD25,01:39:00,52.2 °F,47.8 °F,85 %,NNW,0.0 mph,1.2 mph,30.02 in,0.00 in,0.00 in,0.0,0 w/m²
2024-10-03,ILAMAD25,01:44:00,52.2 °F,47.8 °F,85 %,NNW,0.1 mph,2.2 mph,30.03 in,0.00 in,0.00 in,0.0,0 w/m²
2024-10-03,ILAMAD25,01:49:00,52.2 °F,47.8 °F,85 %,NNW,0.0 mph,1.2 mph,30.03 in,0.00 in,0.00 in,0.0,0 w/m²
2024-10-03,ILAMAD25,01:54:00,52.1 °F,47.8 °F,85 %,North,0.2 mph,1.8 mph,30.03 in,0.00 in,0.00 in,0.0,0 w/m²
2024-10-03,ILAMAD25,01:59:00,52.0 °F,48.1 °F,86 %,NNW,0.1 mph,2.8 mph,30.03 in,0.00 in,0.00 in,0.0,0 w/m²
2024-10-03,ILAMAD25,02:04:00,51.8 °F,48.1 °F,87 %,NNW,0.0 mph,0.4 mph,30.04 in,0.00 in,0.00 in,0.0,0 w/m²
2024-10-03,ILAMAD25,02:09:00,51.7 °F,48.1 °F,88 %,NNW,0.0 mph,0.0 mph,30.04 in,0.00 in,0.00 in,0.0,0 w/m²
2024-10-03,ILAMAD25,02:14:00,51.6 °F,48.0 °F,88 %,NW,0.1 mph,0.4 mph,30.03 in,0.00 in,0.00 in,0.0,0 w/m²
2024-10-03,ILAMAD25,02:19:00,51.6 °F,48.0 °F,88 %,NNW,0.0 mph,1.0 mph,30.03 in,0.00 in,0.00 in,0.0,0 w/m²
2024-10-03,ILAMAD25,02:24:00,51.6 °F,47.8 °F,87 %,NNW,0.0 mph,1.2 mph,30.03 in,0.00 in,0.00 in,0.0,0 w/m²
2024-10-03,ILAMAD25,02:29:00,51.5 °F,47.7 °F,87 %,NW,0.1 mph,1.9 mph,30.03 in,0.00 in,0.00 in,0.0,0 w/m²
2024-10-03,ILAMAD25,02:34:00,51.6 °F,47.7 °F,86 %,NNW,0.1 mph,1.4 mph,30.04 in,0.00 in,0.00 in,0.0,0 w/m²
2024-10-03,ILAMAD25,02:39:00,51.6 °F,47.3 °F,85 %,NNW,0.1 mph,1.5 mph,30.03 in,0.00 in,0.00 in,0.0,0 w/m²
2024-10-03,ILAMAD25,02:44:00,51.6 °F,47.0 °F,84 %,NW,0.9 mph,5.3 mph,30.03 in,0.00 in,0.00 in,0.0,0 w/m²
2024-10-03,ILAMAD25,02:49:00,51.8 °F,46.8 °F,83 %,NNW,0.1 mph,2.6 mph,30.04 in,0.00 in,0.00 in,0.0,0 w/m²
2024-10-03,ILAMAD25,02:54:00,51.8 °F,46.7 °F,82 %,NNW,0.2 mph,2.8 mph,30.04 in,0.00 in,0.00 in,0.0,0 w/m²
2024-10-03,ILAMAD25,02:59:00,51.8 °F,46.2 °F,81 %,NNW,0.3 mph,2.8 mph,30.04 in,0.00 in,0.00 in,0.0,0 w/m²
2024-10-03,ILAMAD25,03:04:00,51.8 °F,46.1 °F,81 %,NNW,0.4 mph,2.6 mph,30.04 in,0.00 in,0.00 in,0.0,0 w/m²
2024-10-03,ILAMAD25,03:09:00,51.8 °F,45.9 °F,80 %,NNW,0.2 mph,2.8 mph,30.04 in,0.00 in,0.00 in,0.0,0 w/m²
2024-10-03,ILAMAD25,03:14:00,51.8 °F,45.9 °F,80 %,NNW,0.0 mph,0.2 mph,30.04 in,0.00 in,0.00 in,0.0,0 w/m²
2024-10-03,ILAMAD25,03:19:00,51.8 °F,45.6 °F,79 %,NNW,0.1 mph,2.2 mph,30.04 in,0.00 in,0.00 in,0.0,0 w/m²
2024-10-03,ILAMAD25,03:24:00,51.8 °F,45.5 °F,79 %,,0.1 mph,2.2 mph,30.04 in,0.00 in,0.00 in,0.0,0 w/m²
2024-10-03,ILAMAD25,03:29:00,51.8 °F,45.4 °F,79 %,NNW,0.0 mph,0.0 mph,30.04 in,0.00 in,0.00 in,0.0,0 w/m²
2024-10-03,ILAMAD25,03:34:00,51.7 °F,45.0 °F,78 %,NNW,0.4 mph,2.3 mph,30.04 in,0.00 in,0.00 in,0.0,0 w/m²
2024-10-03,ILAMAD25,03:39:00,51.6 °F,44.8 °F,78 %,NNW,0.1 mph,4.2 mph,30.04 in,0.00 in,0.00 in,0.0,0 w/m²
2024-10-03,ILAMAD25,03:44:00,51.6 °F,44.9 °F,78 %,NNW,0.2 mph,3.4 mph,30.04 in,0.00 in,0.00 in,0.0,0 w/m²
2024-10-03,ILAMAD25,03:49:00,51.6 °F,44.6 °F,77 %,NNW,0.3 mph,2.2 mph,30.04 in,0.00 in,0.00 in,0.0,0 w/m²
2024-10-03,ILAMAD25,03:54:00,51.6 °F,44.3 °F,76 %,NNW,0.1 mph,2.8 mph,30.04 in,0.00 in,0.00 in,0.0,0 w/m²
2024-10-03,ILAMAD25,03:59:00,51.5 °F,44.3 °F,77 %,NNW,0.2 mph,3.8 mph,30.04 in,0.00 in,0.00 in,0.0,0 w/m²
2024-10-03,ILAMAD25,04:04:00,51.4 °F,44.2 °F,76 %,NNW,0.6 mph,3.4 mph,30.04 in,0.00 in,0.00 in,0.0,0 w/m²
2024-10-03,ILAMAD25,04:09:00,51.3 °F,44.1 °F,77 %,,0.2 mph,2.8 mph,30.04 in,0.00 in,0.00 in,0.0,0 w/m²
2024-10-03,ILAMAD25,04:14:00,51.3 °F,44.2 °F,77 %,NNW,0.0 mph,0.8 mph,30.04 in,0.00 in,0.00 in,0.0,0 w/m²
2024-10-03,ILAMAD25,04:19:00,51.1 °F,44.1 °F,77 %,NNW,0.2 mph,1.9 mph,30.05 in,0.00 in,0.00 in,0.0,0 w/m²
2024-10-03,ILAMAD25,04:24:00,51.1 °F,44.1 °F,77 %,NNW,0.1 mph,1.2 mph,30.04 in,0.00 in,0.00 in,0.0,0 w/m²
2024-10-03,ILAMAD25,04:29:00,50.9 °F,44.0 °F,77 %,,0.2 mph,2.2 mph,30.04 in,0.00 in,0.00 in,0.0,0 w/m²
2024-10-03,ILAMAD25,04:34:00,50.8 °F,43.9 °F,77 %,,0.1 mph,2.2 mph,30.04 in,0.00 in,0.00 in,0.0,0 w/m²
2024-10-03,ILAMAD25,04:39:00,50.7 °F,44.0 °F,78 %,NNW,0.0 mph,1.1 mph,30.04 in,0.00 in,0.00 in,0.0,0 w/m²
2024-10-03,ILAMAD25,04:44:00,50.5 °F,43.9 °F,78 %,,0.0 mph,1.2 mph,30.04 in,0.00 in,0.00 in,0.0,0 w/m²
2024-10-03,ILAMAD25,04:49:00,50.4 °F,43.8 °F,79 %,NNW,0.0 mph,0.4 mph,30.04 in,0.00 in,0.00 in,0.0,0 w/m²
2024-10-03,ILAMAD25,04:54:00,50.2 °F,43.6 °F,78 %,NNW,0.5 mph,4.4 mph,30.05 in,0.00 in,0.00 in,0.0,0 w/m²
2024-10-03,ILAMAD25,04:59:00,50.1 °F,43.7 °F,79 %,NNW,0.2 mph,2.8 mph,30.05 in,0.00 in,0.00 in,0.0,0 w/m²
2024-10-03,ILAMAD25,05:04:00,50.0 °F,43.7 °F,79 %,NNW,0.2 mph,1.9 mph,30.05 in,0.00 in,0.00 in,0.0,0 w/m²
2024-10-03,ILAMAD25,05:09:00,49.8 °F,43.7 °F,80 %,NNW,0.0 mph,0.4 mph,30.05 in,0.00 in,0.00 in,0.0,0 w/m²
2024-10-03,ILAMAD25,05:14:00,49.5 °F,43.6 °F,80 %,NNW,0.0 mph,0.0 mph,30.05 in,0.00 in,0.00 in,0.0,0 w/m²
2024-10-03,ILAMAD25,05:19:00,49.5 °F,43.8 °F,81 %,NNW,0.0 mph,0.0 mph,30.05 in,0.00 in,0.00 in,0.0,0 w/m²
2024-10-03,ILAMAD25,05:24:00,49.3 °F,43.7 °F,81 %,NNW,0.0 mph,0.4 mph,30.05 in,0.00 in,0.00 in,0.0,0 w/m²
2024-10-03,ILAMAD25,05:29:00,49.1 °F,43.8 °F,82 %,NNW,0.0 mph,0.8 mph,30.06 in,0.00 in,0.00 in,0.0,0 w/m²
2024-10-03,ILAMAD25,05:34:00,48.9 °F,43.7 °F,82 %,NNW,0.0 mph,0.0 mph,30.05 in,0.00 in,0.00 in,0.0,0 w/m²
2024-10-03,ILAMAD25,05:39:00,48.7 °F,43.5 °F,82 %,NNW,0.0 mph,0.0 mph,30.06 in,0.00 in,0.00 in,0.0,0 w/m²
2024-10-03,ILAMAD25,05:44:00,48.7 °F,43.6 °F,83 %,NNW,0.0 mph,0.0 mph,30.05 in,0.00 in,0.00 in,0.0,0 w/m²
2024-10-03,ILAMAD25,05:49:00,48.5 °F,43.4 °F,83 %,,0.0 mph,1.1 mph,30.06 in,0.00 in,0.00 in,0.0,0 w/m²
2024-10-03,ILAMAD25,05:54:00,48.4 °F,43.3 °F,83 %,NNW,0.0 mph,0.0 mph,30.06 in,0.00 in,0.00 in,0.0,0 w/m²
2024-10-03,ILAMAD25,05:59:00,48.3 °F,43.3 °F,83 %,NNW,0.0 mph,0.0 mph,30.06 in,0.00 in,0.00 in,0.0,0 w/m²
2024-10-03,ILAMAD25,06:04:00,48.2 °F,43.3 °F,83 %,NNW,0.0 mph,0.0 mph,30.06 in,0.00 in,0.00 in,0.0,0 w/m²
2024-10-03,ILAMAD25,06:09:00,48.0 °F,43.3 °F,84 %,NNW,0.0 mph,0.0 mph,30.06 in,0.00 in,0.00 in,0.0,0 w/m²
2024-10-03,ILAMAD25,06:14:00,47.9 °F,43.2 °F,84 %,,0.1 mph,1.2 mph,30.06 in,0.00 in,0.00 in,0.0,0 w/m²
2024-10-03,ILAMAD25,06:19:00,47.8 °F,43.2 °F,84 %,,0.1 mph,1.4 mph,30.06 in,0.00 in,0.00 in,0.0,0 w/m²
2024-10-03,ILAMAD25,06:24:00,47.8 °F,43.2 °F,84 %,NNW,0.0 mph,1.7 mph,30.07 in,0.00 in,0.00 in,0.0,0 w/m²
2024-10-03,ILAMAD25,06:29:00,47.8 °F,43.2 °F,84 %,North,0.0 mph,1.1 mph,30.07 in,0.00 in,0.00 in,0.0,0 w/m²
2024-10-03,ILAMAD25,06:34:00,47.7 °F,43.3 °F,85 %,NNW,0.0 mph,0.0 mph,30.07 in,0.00 in,0.00 in,0.0,0 w/m²
2024-10-03,ILAMAD25,06:39:00,47.6 °F,43.2 °F,85 %,NNW,0.0 mph,0.2 mph,30.07 in,0.00 in,0.00 in,0.0,0 w/m²
2024-10-03,ILAMAD25,06:44:00,47.5 °F,43.2 °F,85 %,NNW,0.0 mph,1.6 mph,30.07 in,0.00 in,0.00 in,0.0,0 w/m²
2024-10-03,ILAMAD25,06:49:00,47.5 °F,43.2 °F,85 %,NNW,0.0 mph,0.0 mph,30.07 in,0.00 in,0.00 in,0.0,0 w/m²
2024-10-03,ILAMAD25,06:54:00,47.4 °F,43.1 °F,85 %,NNW,0.0 mph,0.0 mph,30.07 in,0.00 in,0.00 in,0.0,0 w/m²
2024-10-03,ILAMAD25,06:59:00,47.2 °F,43.2 °F,86 %,NNW,0.0 mph,0.0 mph,30.08 in,0.00 in,0.00 in,0.0,0 w/m²
2024-10-03,ILAMAD25,07:04:00,47.1 °F,43.2 °F,86 %,NNW,0.0 mph,0.0 mph,30.08 in,0.00 in,0.00 in,0.0,0 w/m²
2024-10-03,ILAMAD25,07:09:00,46.9 °F,43.0 °F,86 %,NNW,0.0 mph,0.0 mph,30.08 in,0.00 in,0.00 in,0.0,0 w/m²
2024-10-03,ILAMAD25,07:14:00,46.9 °F,43.1 °F,86 %,NNW,0.0 mph,0.0 mph,30.08 in,0.00 in,0.00 in,0.0,0 w/m²
2024-10-03,ILAMAD25,07:19:00,46.8 °F,43.2 °F,87 %,NNW,0.0 mph,0.0 mph,30.08 in,0.00 in,0.00 in,0.0,0 w/m²
2024-10-03,ILAMAD25,07:24:00,46.8 °F,43.2 °F,87 %,,0.0 mph,0.0 mph,30.08 in,0.00 in,0.00 in,0.0,0 w/m²
2024-10-03,ILAMAD25,07:29:00,46.7 °F,43.1 °F,87 %,NNW,0.0 mph,0.0 mph,30.08 in,0.00 in,0.00 in,0.0,0.1 w/m²
2024-10-03,ILAMAD25,07:34:00,46.6 °F,43.1 °F,88 %,NNW,0.0 mph,0.0 mph,30.08 in,0.00 in,0.00 in,0.0,0.2 w/m²
2024-10-03,ILAMAD25,07:39:00,46.6 °F,43.2 °F,88 %,NNW,0.0 mph,0.0 mph,30.09 in,0.00 in,0.00 in,0.0,0.3 w/m²
2024-10-03,ILAMAD25,07:44:00,46.6 °F,43.2 °F,88 %,NNW,0.0 mph,0.0 mph,30.09 in,0.00 in,0.00 in,0.0,0.7 w/m²
2024-10-03,ILAMAD25,07:49:00,46.4 °F,43.0 °F,88 %,NNW,0.1 mph,1.6 mph,30.09 in,0.00 in,0.00 in,0.0,1.2 w/m²
2024-10-03,ILAMAD25,07:54:00,46.4 °F,43.0 °F,88 %,NNW,0.0 mph,0.0 mph,30.09 in,0.00 in,0.00 in,0.0,2 w/m²
2024-10-03,ILAMAD25,07:59:00,46.4 °F,43.0 °F,88 %,NNW,0.0 mph,0.0 mph,30.09 in,0.00 in,0.00 in,0.0,2.9 w/m²
2024-10-03,ILAMAD25,08:04:00,46.4 °F,43.0 °F,88 %,NW,0.0 mph,0.2 mph,30.09 in,0.00 in,0.00 in,0.0,4.1 w/m²
2024-10-03,ILAMAD25,08:09:00,46.4 °F,43.0 °F,88 %,North,0.0 mph,1.8 mph,30.09 in,0.00 in,0.00 in,0.0,5.5 w/m²
2024-10-03,ILAMAD25,08:14:00,46.4 °F,43.0 °F,88 %,NNW,0.0 mph,0.9 mph,30.09 in,0.00 in,0.00 in,0.0,7 w/m²
2024-10-03,ILAMAD25,08:19:00,46.4 °F,42.9 °F,88 %,NNW,0.0 mph,0.4 mph,30.09 in,0.00 in,0.00 in,0.0,8.5 w/m²
2024-10-03,ILAMAD25,08:24:00,46.6 °F,43.0 °F,87 %,NNW,0.0 mph,0.0 mph,30.09 in,0.00 in,0.00 in,0.0,10 w/m²
2024-10-03,ILAMAD25,08:29:00,46.6 °F,43.0 °F,87 %,North,0.0 mph,1.1 mph,30.09 in,0.00 in,0.00 in,0.0,11.7 w/m²
2024-10-03,ILAMAD25,08:34:00,46.7 °F,43.1 °F,87 %,NNW,0.0 mph,1.2 mph,30.10 in,0.00 in,0.00 in,0.0,13.3 w/m²
2024-10-03,ILAMAD25,08:39:00,46.8 °F,42.9 °F,86 %,NNW,0.0 mph,0.0 mph,30.10 in,0.00 in,0.00 in,0.0,14.9 w/m²
2024-10-03,ILAMAD25,08:44:00,46.9 °F,42.9 °F,86 %,NW,0.0 mph,0.0 mph,30.10 in,0.00 in,0.00 in,0.0,16.2 w/m²
2024-10-03,ILAMAD25,08:49:00,46.9 °F,42.6 °F,85 %,NNW,0.0 mph,0.0 mph,30.10 in,0.00 in,0.00 in,0.0,17.4 w/m²
2024-10-03,ILAMAD25,08:54:00,47.1 °F,42.6 °F,85 %,NNW,0.2 mph,1.7 mph,30.11 in,0.00 in,0.00 in,0.0,18.7 w/m²
2024-10-03,ILAMAD25,08:59:00,47.3 °F,42.6 °F,84 %,NNW,0.0 mph,1.0 mph,30.11 in,0.00 in,0.00 in,0.0,19.9 w/m²
2024-10-03,ILAMAD25,09:04:00,47.5 °F,42.8 °F,84 %,,0.0 mph,2.2 mph,30.11 in,0.00 in,0.00 in,0.0,21.9 w/m²
2024-10-03,ILAMAD25,09:09:00,47.7 °F,42.8 °F,83 %,NNW,0.0 mph,0.2 mph,30.12 in,0.00 in,0.00 in,0.0,25 w/m²
2024-10-03,ILAMAD25,09:14:00,47.9 °F,42.7 °F,82 %,NNW,0.0 mph,0.0 mph,30.12 in,0.00 in,0.00 in,0.0,22.6 w/m²
2024-10-03,ILAMAD25,09:19:00,48.2 °F,43.0 °F,82 %,NNW,0.0 mph,0.6 mph,30.12 in,0.00 in,0.00 in,0.0,24.6 w/m²
2024-10-03,ILAMAD25,09:24:00,48.5 °F,42.9 °F,81 %,NNW,0.0 mph,2.0 mph,30.12 in,0.00 in,0.00 in,0.0,24.4 w/m²
2024-10-03,ILAMAD25,09:29:00,48.6 °F,42.9 °F,81 %,NNW,0.0 mph,1.1 mph,30.12 in,0.00 in,0.00 in,0.0,25.8 w/m²
2024-10-03,ILAMAD25,09:34:00,48.7 °F,42.8 °F,80 %,NW,0.2 mph,2.8 mph,30.13 in,0.00 in,0.00 in,0.0,26.7 w/m²
2024-10-03,ILAMAD25,09:39:00,48.9 °F,42.9 °F,80 %,NNW,0.1 mph,1.0 mph,30.13 in,0.00 in,0.00 in,0.0,26.1 w/m²
2024-10-03,ILAMAD25,09:44:00,49.1 °F,42.9 °F,79 %,NNW,0.1 mph,1.7 mph,30.13 in,0.00 in,0.00 in,0.0,27.5 w/m²
2024-10-03,ILAMAD25,09:49:00,49.4 °F,43.1 °F,79 %,NNW,0.1 mph,1.4 mph,30.13 in,0.00 in,0.00 in,0.0,27.9 w/m²
2024-10-03,ILAMAD25,09:54:00,49.6 °F,43.2 °F,79 %,NNW,0.0 mph,0.0 mph,30.13 in,0.00 in,0.00 in,0.0,27.8 w/m²
2024-10-03,ILAMAD25,09:59:00,49.8 °F,43.0 °F,77 %,NNW,0.0 mph,1.3 mph,30.13 in,0.00 in,0.00 in,0.0,27.3 w/m²
2024-10-03,ILAMAD25,10:04:00,50.1 °F,43.1 °F,77 %,North,0.1 mph,1.2 mph,30.13 in,0.00 in,0.00 in,0.0,27.7 w/m²
2024-10-03,ILAMAD25,10:09:00,50.2 °F,42.9 °F,76 %,NNW,0.8 mph,4.4 mph,30.14 in,0.00 in,0.00 in,0.0,27.6 w/m²
2024-10-03,ILAMAD25,10:14:00,50.4 °F,43.1 °F,76 %,,0.1 mph,2.4 mph,30.14 in,0.00 in,0.00 in,0.0,27.8 w/m²
2024-10-03,ILAMAD25,10:19:00,50.7 °F,43.2 °F,75 %,NNW,0.0 mph,0.0 mph,30.14 in,0.00 in,0.00 in,0.0,27.7 w/m²
2024-10-03,ILAMAD25,10:24:00,50.8 °F,43.1 °F,74 %,NNW,0.3 mph,2.6 mph,30.14 in,0.00 in,0.00 in,0.0,29.5 w/m²
2024-10-03,ILAMAD25,10:29:00,50.9 °F,43.2 °F,75 %,NNW,0.0 mph,1.0 mph,30.14 in,0.00 in,0.00 in,0.0,28.1 w/m²
2024-10-03,ILAMAD25,10:34:00,51.1 °F,43.2 °F,74 %,NNW,0.9 mph,4.2 mph,30.14 in,0.00 in,0.00 in,0.0,28 w/m²
2024-10-03,ILAMAD25,10:39:00,51.1 °F,43.2 °F,74 %,NNW,0.4 mph,3.8 mph,30.14 in,0.00 in,0.00 in,0.0,28.1 w/m²
2024-10-03,ILAMAD25,10:44:00,51.3 °F,43.2 °F,74 %,NW,0.2 mph,3.4 mph,30.14 in,0.00 in,0.00 in,0.0,27.9 w/m²
2024-10-03,ILAMAD25,10:49:00,51.4 °F,43.3 °F,73 %,,0.0 mph,1.7 mph,30.14 in,0.00 in,0.00 in,0.0,27.8 w/m²
2024-10-03,ILAMAD25,10:54:00,51.6 °F,43.3 °F,73 %,NNW,0.1 mph,2.4 mph,30.14 in,0.00 in,0.00 in,0.0,27.6 w/m²
2024-10-03,ILAMAD25,10:59:00,51.7 °F,43.2 °F,73 %,NNW,0.2 mph,3.0 mph,30.14 in,0.00 in,0.00 in,0.0,27.5 w/m²
2024-10-03,ILAMAD25,11:04:00,51.9 °F,43.2 °F,72 %,NNW,0.3 mph,2.8 mph,30.14 in,0.00 in,0.00 in,0.0,27.4 w/m²
2024-10-03,ILAMAD25,11:09:00,52.0 °F,43.0 °F,71 %,NNW,0.2 mph,3.0 mph,30.14 in,0.00 in,0.00 in,0.0,27.3 w/m²
2024-10-03,ILAMAD25,11:14:00,52.2 °F,43.1 °F,71 %,NW,0.3 mph,1.3 mph,30.14 in,0.00 in,0.00 in,0.0,27.4 w/m²
2024-10-03,ILAMAD25,11:19:00,52.4 °F,43.2 °F,71 %,NNW,0.1 mph,2.2 mph,30.14 in,0.00 in,0.00 in,0.0,27.6 w/m²
2024-10-03,ILAMAD25,11:24:00,52.9 °F,43.6 °F,71 %,NNW,0.0 mph,0.0 mph,30.14 in,0.00 in,0.00 in,0.0,27.2 w/m²
2024-10-03,ILAMAD25,11:29:00,53.2 °F,43.3 °F,69 %,NNW,0.0 mph,1.3 mph,30.14 in,0.00 in,0.00 in,0.0,27.1 w/m²
2024-10-03,ILAMAD25,11:34:00,53.4 °F,43.7 °F,69 %,NNW,0.0 mph,0.0 mph,30.14 in,0.00 in,0.00 in,0.0,27.2 w/m²
2024-10-03,ILAMAD25,11:39:00,53.9 °F,43.4 °F,68 %,NNW,0.4 mph,2.6 mph,30.14 in,0.00 in,0.00 in,0.0,27.4 w/m²
2024-10-03,ILAMAD25,11:44:00,54.1 °F,43.0 °F,66 %,NNW,0.2 mph,1.6 mph,30.14 in,0.00 in,0.00 in,0.0,26.9 w/m²
2024-10-03,ILAMAD25,11:49:00,54.1 °F,42.8 °F,65 %,NW,0.4 mph,3.0 mph,30.14 in,0.00 in,0.00 in,0.0,27.2 w/m²
2024-10-03,ILAMAD25,11:54:00,54.4 °F,43.0 °F,65 %,NNW,0.3 mph,2.6 mph,30.15 in,0.00 in,0.00 in,0.0,28.9 w/m²
2024-10-03,ILAMAD25,11:59:00,54.9 °F,43.4 °F,65 %,NNW,0.4 mph,2.2 mph,30.14 in,0.00 in,0.00 in,0.0,31.1 w/m²
2024-10-03,ILAMAD25,12:04:00,55.2 °F,43.2 °F,64 %,NNW,0.3 mph,3.0 mph,30.14 in,0.00 in,0.00 in,0.0,47.1 w/m²
2024-10-03,ILAMAD25,12:09:00,55.7 °F,42.9 °F,62 %,NNW,0.6 mph,4.7 mph,30.14 in,0.00 in,0.00 in,0.0,43.4 w/m²
2024-10-03,ILAMAD25,12:14:00,55.9 °F,43.3 °F,62 %,NNW,0.4 mph,3.2 mph,30.15 in,0.00 in,0.00 in,0.0,27.9 w/m²
2024-10-03,ILAMAD25,12:19:00,56.0 °F,43.3 °F,62 %,NNW,0.0 mph,1.1 mph,30.14 in,0.00 in,0.00 in,0.0,27.6 w/m²
2024-10-03,ILAMAD25,12:24:00,56.2 °F,43.1 °F,61 %,NNW,0.7 mph,3.4 mph,30.14 in,0.00 in,0.00 in,0.0,28 w/m²
2024-10-03,ILAMAD25,12:29:00,56.6 °F,43.3 °F,61 %,NNW,0.2 mph,2.6 mph,30.14 in,0.00 in,0.00 in,0.0,27.7 w/m²
2024-10-03,ILAMAD25,12:34:00,56.8 °F,42.4 °F,58 %,NNW,0.5 mph,3.4 mph,30.15 in,0.00 in,0.00 in,0.0,33.8 w/m²
2024-10-03,ILAMAD25,12:39:00,56.9 °F,42.9 °F,59 %,NNW,0.4 mph,3.4 mph,30.14 in,0.00 in,0.00 in,0.0,33 w/m²
2024-10-03,ILAMAD25,12:44:00,57.2 °F,43.1 °F,59 %,,0.4 mph,3.4 mph,30.14 in,0.00 in,0.00 in,0.0,30.9 w/m²
2024-10-03,ILAMAD25,12:49:00,57.5 °F,42.7 °F,58 %,NNW,0.1 mph,3.4 mph,30.14 in,0.00 in,0.00 in,0.0,29.1 w/m²
2024-10-03,ILAMAD25,12:54:00,57.7 °F,42.5 °F,57 %,NNW,0.2 mph,2.4 mph,30.14 in,0.00 in,0.00 in,0.0,29.9 w/m²
2024-10-03,ILAMAD25,12:59:00,58.0 °F,43.1 °F,57 %,NNW,0.1 mph,0.6 mph,30.14 in,0.00 in,0.00 in,0.0,30.7 w/m²
2024-10-03,ILAMAD25,13:04:00,58.0 °F,42.1 °F,55 %,NNW,0.7 mph,4.6 mph,30.14 in,0.00 in,0.00 in,0.0,35.3 w/m²
2024-10-03,ILAMAD25,13:09:00,58.2 °F,43.0 °F,57 %,NNW,0.1 mph,1.6 mph,30.14 in,0.00 in,0.00 in,0.0,42 w/m²
2024-10-03,ILAMAD25,13:14:00,58.7 °F,41.6 °F,53 %,NW,1.2 mph,6.1 mph,30.13 in,0.00 in,0.00 in,0.0,40.3 w/m²
2024-10-03,ILAMAD25,13:19:00,58.8 °F,41.2 °F,52 %,NNW,0.7 mph,3.8 mph,30.14 in,0.00 in,0.00 in,0.0,32.7 w/m²
2024-10-03,ILAMAD25,13:24:00,59.8 °F,42.6 °F,53 %,NNW,0.0 mph,2.1 mph,30.13 in,0.00 in,0.00 in,0.0,33.1 w/m²
2024-10-03,ILAMAD25,13:29:00,60.4 °F,44.1 °F,55 %,NNW,0.1 mph,2.4 mph,30.13 in,0.00 in,0.00 in,0.0,35 w/m²
2024-10-03,ILAMAD25,13:34:00,60.6 °F,44.8 °F,56 %,NNW,0.1 mph,1.2 mph,30.14 in,0.00 in,0.00 in,0.0,36.5 w/m²
2024-10-03,ILAMAD25,13:39:00,59.1 °F,42.6 °F,54 %,NW,0.3 mph,2.4 mph,30.14 in,0.00 in,0.00 in,3.0,400.3 w/m²
2024-10-03,ILAMAD25,13:44:00,58.3 °F,42.1 °F,55 %,NNW,0.4 mph,2.6 mph,30.13 in,0.00 in,0.00 in,3.0,401.3 w/m²
2024-10-03,ILAMAD25,13:49:00,58.6 °F,42.8 °F,56 %,NW,0.3 mph,3.2 mph,30.13 in,0.00 in,0.00 in,3.0,401.3 w/m²
2024-10-03,ILAMAD25,13:54:00,59.0 °F,43.0 °F,55 %,NNW,0.1 mph,1.4 mph,30.13 in,0.00 in,0.00 in,3.0,418.8 w/m²
2024-10-03,ILAMAD25,13:59:00,59.3 °F,42.5 °F,54 %,NNW,0.5 mph,3.4 mph,30.13 in,0.00 in,0.00 in,3.0,422.1 w/m²
2024-10-03,ILAMAD25,14:04:00,59.8 °F,42.3 °F,52 %,NNW,1.3 mph,5.7 mph,30.13 in,0.00 in,0.00 in,3.0,414.6 w/m²
2024-10-03,ILAMAD25,14:09:00,59.7 °F,41.7 °F,51 %,NNW,0.8 mph,5.3 mph,30.13 in,0.00 in,0.00 in,3.0,415.7 w/m²
2024-10-03,ILAMAD25,14:14:00,60.4 °F,42.5 °F,52 %,NNW,0.5 mph,3.4 mph,30.13 in,0.00 in,0.00 in,3.0,407.5 w/m²
2024-10-03,ILAMAD25,14:19:00,60.3 °F,42.2 °F,51 %,NNW,0.2 mph,2.6 mph,30.13 in,0.00 in,0.00 in,3.0,401.4 w/m²
2024-10-03,ILAMAD25,14:24:00,60.1 °F,40.9 °F,49 %,NNW,1.1 mph,4.6 mph,30.13 in,0.00 in,0.00 in,3.0,404.7 w/m²
2024-10-03,ILAMAD25,14:29:00,60.8 °F,42.0 °F,50 %,NNW,0.8 mph,5.7 mph,30.13 in,0.00 in,0.00 in,3.0,405.7 w/m²
2024-10-03,ILAMAD25,14:34:00,58.7 °F,41.2 °F,52 %,NNW,1.1 mph,4.6 mph,30.13 in,0.00 in,0.00 in,3.0,400.4 w/m²
2024-10-03,ILAMAD25,14:39:00,59.8 °F,42.2 °F,52 %,NNW,0.5 mph,3.4 mph,30.13 in,0.00 in,0.00 in,3.0,404.4 w/m²
2024-10-03,ILAMAD25,14:44:00,59.4 °F,42.0 °F,53 %,NNW,0.1 mph,2.0 mph,30.13 in,0.00 in,0.00 in,3.0,413.3 w/m²
2024-10-03,ILAMAD25,14:49:00,59.0 °F,42.3 °F,54 %,NW,0.6 mph,4.6 mph,30.13 in,0.00 in,0.00 in,3.0,408.2 w/m²
2024-10-03,ILAMAD25,14:54:00,58.8 °F,41.6 °F,53 %,NNW,0.2 mph,3.2 mph,30.13 in,0.00 in,0.00 in,3.0,410.1 w/m²
2024-10-03,ILAMAD25,14:59:00,59.7 °F,42.3 °F,52 %,NNW,0.1 mph,2.0 mph,30.13 in,0.00 in,0.00 in,3.0,401.5 w/m²
2024-10-03,ILAMAD25,15:04:00,60.5 °F,42.2 °F,51 %,NNW,0.6 mph,4.0 mph,30.13 in,0.00 in,0.00 in,3.0,406.2 w/m²
2024-10-03,ILAMAD25,15:09:00,59.8 °F,43.5 °F,55 %,NNW,0.3 mph,3.6 mph,30.13 in,0.00 in,0.00 in,2.0,379.3 w/m²
2024-10-03,ILAMAD25,15:14:00,57.7 °F,42.0 °F,56 %,NNW,0.0 mph,1.2 mph,30.13 in,0.00 in,0.00 in,2.0,372.1 w/m²
2024-10-03,ILAMAD25,15:19:00,60.1 °F,42.7 °F,53 %,NNW,0.3 mph,2.2 mph,30.13 in,0.00 in,0.00 in,2.0,378.7 w/m²
2024-10-03,ILAMAD25,15:24:00,61.1 °F,43.5 °F,52 %,NNW,0.4 mph,3.4 mph,30.13 in,0.00 in,0.00 in,3.0,394 w/m²
2024-10-03,ILAMAD25,15:29:00,62.6 °F,45.0 °F,53 %,NNW,0.2 mph,2.0 mph,30.13 in,0.00 in,0.00 in,1.0,172.4 w/m²
2024-10-03,ILAMAD25,15:34:00,60.3 °F,43.4 °F,53 %,NNW,0.6 mph,3.2 mph,30.13 in,0.00 in,0.00 in,2.0,371.5 w/m²
2024-10-03,ILAMAD25,15:39:00,59.5 °F,42.7 °F,54 %,NNW,0.3 mph,2.4 mph,30.13 in,0.00 in,0.00 in,2.0,336.7 w/m²
2024-10-03,ILAMAD25,15:44:00,58.7 °F,42.6 °F,55 %,NW,0.0 mph,1.1 mph,30.13 in,0.00 in,0.00 in,2.0,350.8 w/m²
2024-10-03,ILAMAD25,15:49:00,59.9 °F,42.5 °F,53 %,NNW,0.4 mph,3.4 mph,30.13 in,0.00 in,0.00 in,2.0,339.5 w/m²
2024-10-03,ILAMAD25,15:54:00,61.1 °F,43.3 °F,52 %,NNW,0.9 mph,3.8 mph,30.13 in,0.00 in,0.00 in,2.0,352.9 w/m²
2024-10-03,ILAMAD25,15:59:00,60.7 °F,42.9 °F,52 %,NNW,0.3 mph,3.2 mph,30.13 in,0.00 in,0.00 in,2.0,340.2 w/m²
2024-10-03,ILAMAD25,16:04:00,61.3 °F,43.3 °F,51 %,NNW,0.5 mph,3.4 mph,30.12 in,0.00 in,0.00 in,2.0,339.3 w/m²
2024-10-03,ILAMAD25,16:09:00,61.2 °F,43.6 °F,52 %,NNW,0.3 mph,2.8 mph,30.13 in,0.00 in,0.00 in,2.0,301.1 w/m²
2024-10-03,ILAMAD25,16:14:00,59.6 °F,42.5 °F,53 %,NNW,0.2 mph,2.6 mph,30.13 in,0.00 in,0.00 in,2.0,310.3 w/m²
2024-10-03,ILAMAD25,16:19:00,60.9 °F,43.9 °F,54 %,NNW,0.3 mph,3.8 mph,30.12 in,0.00 in,0.00 in,2.0,302.2 w/m²
2024-10-03,ILAMAD25,16:24:00,60.8 °F,44.1 °F,54 %,NNW,0.1 mph,3.6 mph,30.12 in,0.00 in,0.00 in,0.0,83.2 w/m²
2024-10-03,ILAMAD25,16:29:00,60.0 °F,44.1 °F,56 %,NNW,0.6 mph,3.4 mph,30.12 in,0.00 in,0.00 in,0.0,79.4 w/m²
2024-10-03,ILAMAD25,16:34:00,58.8 °F,43.2 °F,56 %,NNW,0.4 mph,4.0 mph,30.12 in,0.00 in,0.00 in,2.0,253.6 w/m²
2024-10-03,ILAMAD25,16:39:00,58.8 °F,43.5 °F,57 %,NNW,0.1 mph,2.6 mph,30.13 in,0.00 in,0.00 in,0.0,56.7 w/m²
2024-10-03,ILAMAD25,16:44:00,57.9 °F,42.8 °F,57 %,North,0.1 mph,0.4 mph,30.13 in,0.00 in,0.00 in,2.0,247.1 w/m²
2024-10-03,ILAMAD25,16:49:00,58.2 °F,42.3 °F,55 %,NW,0.3 mph,3.0 mph,30.12 in,0.00 in,0.00 in,2.0,246.3 w/m²
2024-10-03,ILAMAD25,16:54:00,59.6 °F,43.9 °F,56 %,NNW,0.4 mph,3.4 mph,30.13 in,0.00 in,0.00 in,1.0,217.2 w/m²
2024-10-03,ILAMAD25,16:59:00,59.2 °F,44.6 °F,58 %,NNW,0.2 mph,3.2 mph,30.13 in,0.00 in,0.00 in,0.0,100.8 w/m²
2024-10-03,ILAMAD25,17:04:00,58.4 °F,44.5 °F,60 %,NNW,0.2 mph,3.0 mph,30.13 in,0.00 in,0.00 in,0.0,72.8 w/m²
2024-10-03,ILAMAD25,17:09:00,57.7 °F,44.1 °F,60 %,NNW,0.1 mph,1.8 mph,30.13 in,0.00 in,0.00 in,0.0,78.9 w/m²
2024-10-03,ILAMAD25,17:14:00,57.3 °F,44.3 °F,62 %,NNW,0.0 mph,0.4 mph,30.12 in,0.00 in,0.00 in,0.0,70.5 w/m²
2024-10-03,ILAMAD25,17:19:00,57.0 °F,44.2 °F,62 %,NNW,0.1 mph,1.0 mph,30.13 in,0.00 in,0.00 in,0.0,86.8 w/m²
2024-10-03,ILAMAD25,17:24:00,57.5 °F,44.5 °F,62 %,North,0.1 mph,1.3 mph,30.13 in,0.00 in,0.00 in,0.0,75.6 w/m²
2024-10-03,ILAMAD25,17:29:00,57.6 °F,44.4 °F,61 %,NNW,0.1 mph,1.8 mph,30.13 in,0.00 in,0.00 in,0.0,50.4 w/m²
2024-10-03,ILAMAD25,17:34:00,57.2 °F,44.1 °F,61 %,NNW,0.2 mph,1.6 mph,30.13 in,0.00 in,0.00 in,0.0,38.2 w/m²
2024-10-03,ILAMAD25,17:39:00,56.8 °F,44.0 °F,62 %,NNW,0.1 mph,1.7 mph,30.13 in,0.00 in,0.00 in,0.0,51 w/m²
2024-10-03,ILAMAD25,17:44:00,56.7 °F,43.9 °F,62 %,NNW,0.1 mph,2.6 mph,30.13 in,0.00 in,0.00 in,0.0,55.4 w/m²
2024-10-03,ILAMAD25,17:49:00,56.8 °F,44.2 °F,63 %,,0.1 mph,2.8 mph,30.13 in,0.00 in,0.00 in,0.0,52.3 w/m²
2024-10-03,ILAMAD25,17:54:00,57.0 °F,44.5 °F,63 %,NNW,0.1 mph,1.2 mph,30.13 in,0.00 in,0.00 in,0.0,50.3 w/m²
2024-10-03,ILAMAD25,17:59:00,56.9 °F,44.1 °F,62 %,NNW,0.5 mph,3.6 mph,30.13 in,0.00 in,0.00 in,0.0,32.5 w/m²
2024-10-03,ILAMAD25,18:04:00,56.6 °F,44.3 °F,63 %,NNW,0.0 mph,1.2 mph,30.13 in,0.00 in,0.00 in,0.0,48.7 w/m²
2024-10-03,ILAMAD25,18:09:00,56.5 °F,44.2 °F,64 %,NNW,0.0 mph,0.0 mph,30.13 in,0.00 in,0.00 in,0.0,48.7 w/m²
2024-10-03,ILAMAD25,18:14:00,56.6 °F,44.3 °F,63 %,,0.1 mph,1.5 mph,30.14 in,0.00 in,0.00 in,0.0,32.9 w/m²
2024-10-03,ILAMAD25,18:19:00,56.5 °F,43.9 °F,63 %,,0.0 mph,1.0 mph,30.14 in,0.00 in,0.00 in,0.0,22.3 w/m²
2024-10-03,ILAMAD25,18:24:00,56.1 °F,44.3 °F,64 %,,0.0 mph,0.0 mph,30.14 in,0.00 in,0.00 in,0.0,21 w/m²
2024-10-03,ILAMAD25,18:29:00,55.6 °F,43.7 °F,64 %,NNW,0.1 mph,1.1 mph,30.14 in,0.00 in,0.00 in,0.0,19.1 w/m²
2024-10-03,ILAMAD25,18:34:00,55.6 °F,43.8 °F,65 %,NNW,0.0 mph,0.4 mph,30.14 in,0.00 in,0.00 in,0.0,19.3 w/m²
2024-10-03,ILAMAD25,18:39:00,55.3 °F,44.1 °F,66 %,NW,0.1 mph,0.9 mph,30.14 in,0.00 in,0.00 in,0.0,19.2 w/m²
2024-10-03,ILAMAD25,18:44:00,55.4 °F,44.1 °F,66 %,NNW,0.0 mph,0.8 mph,30.14 in,0.00 in,0.00 in,0.0,16.6 w/m²
2024-10-03,ILAMAD25,18:49:00,55.2 °F,44.3 °F,67 %,NNW,0.0 mph,0.0 mph,30.14 in,0.00 in,0.00 in,0.0,13.1 w/m²
2024-10-03,ILAMAD25,18:54:00,55.0 °F,44.2 °F,67 %,North,0.2 mph,1.5 mph,30.14 in,0.00 in,0.00 in,0.0,11.8 w/m²
2024-10-03,ILAMAD25,18:59:00,54.8 °F,43.8 °F,66 %,NNW,0.2 mph,2.0 mph,30.14 in,0.00 in,0.00 in,0.0,9.9 w/m²
2024-10-03,ILAMAD25,19:04:00,54.9 °F,43.9 °F,67 %,NNW,0.0 mph,1.8 mph,30.14 in,0.00 in,0.00 in,0.0,7.7 w/m²
2024-10-03,ILAMAD25,19:09:00,54.6 °F,44.0 °F,68 %,NNW,0.0 mph,0.0 mph,30.14 in,0.00 in,0.00 in,0.0,6 w/m²
2024-10-03,ILAMAD25,19:14:00,54.3 °F,44.1 °F,68 %,NNW,0.0 mph,0.0 mph,30.14 in,0.00 in,0.00 in,0.0,4.5 w/m²
2024-10-03,ILAMAD25,19:19:00,54.1 °F,44.1 °F,69 %,NNW,0.0 mph,0.0 mph,30.15 in,0.00 in,0.00 in,0.0,3.2 w/m²
2024-10-03,ILAMAD25,19:24:00,53.8 °F,44.1 °F,70 %,NNW,0.0 mph,0.0 mph,30.15 in,0.00 in,0.00 in,0.0,2.2 w/m²
2024-10-03,ILAMAD25,19:29:00,53.4 °F,44.1 °F,70 %,NNW,0.0 mph,0.0 mph,30.15 in,0.00 in,0.00 in,0.0,1.3 w/m²
2024-10-03,ILAMAD25,19:34:00,53.1 °F,44.0 °F,71 %,NNW,0.0 mph,0.0 mph,30.15 in,0.00 in,0.00 in,0.0,0.7 w/m²
2024-10-03,ILAMAD25,19:39:00,53.0 °F,43.8 °F,71 %,NNW,0.0 mph,0.0 mph,30.15 in,0.00 in,0.00 in,0.0,0.4 w/m²
2024-10-03,ILAMAD25,19:44:00,52.7 °F,43.8 °F,72 %,NNW,0.0 mph,0.0 mph,30.15 in,0.00 in,0.00 in,0.0,0.2 w/m²
2024-10-03,ILAMAD25,19:49:00,52.5 °F,43.7 °F,72 %,NNW,0.0 mph,0.0 mph,30.15 in,0.00 in,0.00 in,0.0,0.1 w/m²
2024-10-03,ILAMAD25,19:54:00,52.3 °F,43.4 °F,72 %,NNW,0.0 mph,0.0 mph,30.15 in,0.00 in,0.00 in,0.0,0 w/m²
2024-10-03,ILAMAD25,19:59:00,52.1 °F,43.3 °F,72 %,NNW,0.0 mph,0.0 mph,30.15 in,0.00 in,0.00 in,0.0,0 w/m²
2024-10-03,ILAMAD25,20:04:00,51.8 °F,43.3 °F,73 %,NNW,0.0 mph,0.0 mph,30.15 in,0.00 in,0.00 in,0.0,0 w/m²
2024-10-03,ILAMAD25,20:09:00,51.6 °F,43.3 °F,73 %,NNW,0.0 mph,0.0 mph,30.16 in,0.00 in,0.00 in,0.0,0 w/m²
2024-10-03,ILAMAD25,20:14:00,51.5 °F,43.2 °F,73 %,NNW,0.0 mph,0.0 mph,30.16 in,0.00 in,0.00 in,0.0,0 w/m²
2024-10-03,ILAMAD25,20:19:00,51.4 °F,43.2 °F,73 %,NNW,0.0 mph,0.0 mph,30.16 in,0.00 in,0.00 in,0.0,0 w/m²
2024-10-03,ILAMAD25,20:24:00,51.3 °F,43.1 °F,73 %,NNW,0.0 mph,0.0 mph,30.16 in,0.00 in,0.00 in,0.0,0 w/m²
2024-10-03,ILAMAD25,20:29:00,51.2 °F,42.9 °F,73 %,NNW,0.0 mph,0.0 mph,30.16 in,0.00 in,0.00 in,0.0,0 w/m²
2024-10-03,ILAMAD25,20:34:00,51.0 °F,42.8 °F,73 %,NNW,0.0 mph,0.0 mph,30.16 in,0.00 in,0.00 in,0.0,0 w/m²
2024-10-03,ILAMAD25,20:39:00,50.7 °F,42.8 °F,74 %,NNW,0.0 mph,0.0 mph,30.16 in,0.00 in,0.00 in,0.0,0 w/m²
2024-10-03,ILAMAD25,20:44:00,50.6 °F,42.7 °F,74 %,NNW,0.0 mph,0.0 mph,30.16 in,0.00 in,0.00 in,0.0,0 w/m²
2024-10-03,ILAMAD25,20:49:00,50.5 °F,42.6 °F,74 %,NNW,0.0 mph,0.0 mph,30.17 in,0.00 in,0.00 in,0.0,0 w/m²
2024-10-03,ILAMAD25,20:54:00,50.5 °F,42.6 °F,74 %,NNW,0.0 mph,0.0 mph,30.16 in,0.00 in,0.00 in,0.0,0 w/m²
2024-10-03,ILAMAD25,20:59:00,50.4 °F,42.4 °F,74 %,NNW,0.0 mph,0.0 mph,30.17 in,0.00 in,0.00 in,0.0,0 w/m²
2024-10-03,ILAMAD25,21:04:00,50.3 °F,42.3 °F,74 %,NNW,0.0 mph,0.0 mph,30.16 in,0.00 in,0.00 in,0.0,0 w/m²
2024-10-03,ILAMAD25,21:09:00,50.2 °F,42.4 °F,74 %,NNW,0.0 mph,0.0 mph,30.16 in,0.00 in,0.00 in,0.0,0 w/m²
2024-10-03,ILAMAD25,21:14:00,50.0 °F,42.4 °F,75 %,NNW,0.0 mph,0.0 mph,30.16 in,0.00 in,0.00 in,0.0,0 w/m²
2024-10-03,ILAMAD25,21:19:00,50.0 °F,42.4 °F,75 %,NNW,0.0 mph,0.0 mph,30.16 in,0.00 in,0.00 in,0.0,0 w/m²
2024-10-03,ILAMAD25,21:24:00,50.0 °F,42.4 °F,75 %,NNW,0.0 mph,0.0 mph,30.16 in,0.00 in,0.00 in,0.0,0 w/m²
2024-10-03,ILAMAD25,21:29:00,49.9 °F,42.4 °F,75 %,NNW,0.0 mph,0.0 mph,30.16 in,0.00 in,0.00 in,0.0,0 w/m²
2024-10-03,ILAMAD25,21:34:00,49.8 °F,42.3 °F,75 %,NNW,0.0 mph,0.0 mph,30.16 in,0.00 in,0.00 in,0.0,0 w/m²
2024-10-03,ILAMAD25,21:39:00,49.7 °F,42.2 °F,75 %,NNW,0.0 mph,0.0 mph,30.16 in,0.00 in,0.00 in,0.0,0 w/m²
2024-10-03,ILAMAD25,21:44:00,49.6 °F,42.3 °F,76 %,NNW,0.0 mph,0.0 mph,30.16 in,0.00 in,0.00 in,0.0,0 w/m²
2024-10-03,ILAMAD25,21:49:00,49.5 °F,42.3 °F,76 %,NNW,0.0 mph,0.0 mph,30.16 in,0.00 in,0.00 in,0.0,0 w/m²
2024-10-03,ILAMAD25,21:54:00,49.4 °F,42.2 °F,76 %,NNW,0.0 mph,0.0 mph,30.16 in,0.00 in,0.00 in,0.0,0 w/m²
2024-10-03,ILAMAD25,21:59:00,49.4 °F,41.9 °F,75 %,NNW,0.0 mph,0.0 mph,30.17 in,0.00 in,0.00 in,0.0,0 w/m²
2024-10-03,ILAMAD25,22:04:00,49.5 °F,42.1 °F,76 %,NNW,0.0 mph,0.0 mph,30.17 in,0.00 in,0.00 in,0.0,0 w/m²
2024-10-03,ILAMAD25,22:09:00,49.3 °F,42.1 °F,76 %,NNW,0.0 mph,0.0 mph,30.17 in,0.00 in,0.00 in,0.0,0 w/m²
2024-10-03,ILAMAD25,22:14:00,49.0 °F,42.1 °F,77 %,NNW,0.0 mph,0.0 mph,30.17 in,0.00 in,0.00 in,0.0,0 w/m²
2024-10-03,ILAMAD25,22:19:00,48.8 °F,42.0 °F,77 %,NNW,0.0 mph,0.0 mph,30.17 in,0.00 in,0.00 in,0.0,0 w/m²
2024-10-03,ILAMAD25,22:24:00,48.6 °F,41.9 °F,77 %,NNW,0.0 mph,0.0 mph,30.17 in,0.00 in,0.00 in,0.0,0 w/m²
2024-10-03,ILAMAD25,22:29:00,48.6 °F,42.1 °F,78 %,NNW,0.0 mph,0.0 mph,30.17 in,0.00 in,0.00 in,0.0,0 w/m²
2024-10-03,ILAMAD25,22:34:00,48.4 °F,41.9 °F,78 %,NNW,0.0 mph,0.0 mph,30.17 in,0.00 in,0.00 in,0.0,0 w/m²
2024-10-03,ILAMAD25,22:39:00,48.2 °F,42.0 °F,79 %,NNW,0.0 mph,0.0 mph,30.17 in,0.00 in,0.00 in,0.0,0 w/m²
2024-10-03,ILAMAD25,22:44:00,48.0 °F,41.9 °F,79 %,NNW,0.0 mph,0.0 mph,30.17 in,0.00 in,0.00 in,0.0,0 w/m²
2024-10-03,ILAMAD25,22:49:00,47.9 °F,41.8 °F,79 %,NNW,0.0 mph,0.0 mph,30.17 in,0.00 in,0.00 in,0.0,0 w/m²
2024-10-03,ILAMAD25,22:54:00,47.7 °F,41.6 °F,79 %,NNW,0.0 mph,0.0 mph,30.17 in,0.00 in,0.00 in,0.0,0 w/m²
2024-10-03,ILAMAD25,22:59:00,47.6 °F,41.5 °F,80 %,NNW,0.0 mph,0.0 mph,30.17 in,0.00 in,0.00 in,0.0,0 w/m²
2024-10-03,ILAMAD25,23:04:00,47.4 °F,41.4 °F,80 %,NNW,0.0 mph,0.0 mph,30.17 in,0.00 in,0.00 in,0.0,0 w/m²
2024-10-03,ILAMAD25,23:09:00,47.3 °F,41.6 °F,81 %,NNW,0.0 mph,0.0 mph,30.17 in,0.00 in,0.00 in,0.0,0 w/m²
2024-10-03,ILAMAD25,23:14:00,47.3 °F,41.5 °F,80 %,NNW,0.0 mph,0.0 mph,30.17 in,0.00 in,0.00 in,0.0,0 w/m²
2024-10-03,ILAMAD25,23:19:00,47.2 °F,41.3 °F,80 %,NNW,0.0 mph,0.0 mph,30.17 in,0.00 in,0.00 in,0.0,0 w/m²
2024-10-03,ILAMAD25,23:24:00,46.9 °F,41.2 °F,81 %,NNW,0.0 mph,0.0 mph,30.17 in,0.00 in,0.00 in,0.0,0 w/m²
2024-10-03,ILAMAD25,23:29:00,46.7 °F,41.1 °F,81 %,NNW,0.0 mph,0.0 mph,30.17 in,0.00 in,0.00 in,0.0,0 w/m²
2024-10-03,ILAMAD25,23:34:00,46.5 °F,41.0 °F,81 %,NNW,0.0 mph,0.0 mph,30.18 in,0.00 in,0.00 in,0.0,0 w/m²
2024-10-03,ILAMAD25,23:39:00,46.4 °F,41.2 °F,82 %,NNW,0.0 mph,0.0 mph,30.18 in,0.00 in,0.00 in,0.0,0 w/m²
2024-10-03,ILAMAD25,23:44:00,46.3 °F,41.1 °F,82 %,NNW,0.0 mph,0.0 mph,30.18 in,0.00 in,0.00 in,0.0,0 w/m²
2024-10-03,ILAMAD25,23:49:00,46.2 °F,41.2 °F,83 %,NNW,0.0 mph,0.0 mph,30.17 in,0.00 in,0.00 in,0.0,0 w/m²
2024-10-03,ILAMAD25,23:54:00,46.2 °F,41.1 °F,82 %,NNW,0.0 mph,0.0 mph,30.18 in,0.00 in,0.00 in,0.0,0 w/m²
2024-10-03,ILAMAD25,23:59:00,46.2 °F,41.0 °F,82 %,NNW,0.0 mph,0.0 mph,30.18 in,0.00 in,0.00 in,0.0,0 w/m²
2024-10-04,ILAMAD25,,,,,,,,,,,,
2024-10-04,ILAMAD25,00:04:00,46.4 °F,41.2 °F,82 %,NNW,0.0 mph,0.0 mph,30.17 in,0.00 in,0.00 in,0.0,0 w/m²
2024-10-04,ILAMAD25,00:09:00,46.2 °F,41.0 °F,82 %,NNW,0.0 mph,0.0 mph,30.18 in,0.00 in,0.00 in,0.0,0 w/m²
2024-10-04,ILAMAD25,00:14:00,46.0 °F,40.8 °F,82 %,NNW,0.0 mph,0.0 mph,30.18 in,0.00 in,0.00 in,0.0,0 w/m²
2024-10-04,ILAMAD25,00:19:00,45.9 °F,41.0 °F,83 %,NNW,0.0 mph,0.0 mph,30.18 in,0.00 in,0.00 in,0.0,0 w/m²
2024-10-04,ILAMAD25,00:24:00,45.8 °F,40.9 °F,83 %,NNW,0.0 mph,0.0 mph,30.18 in,0.00 in,0.00 in,0.0,0 w/m²
2024-10-04,ILAMAD25,00:29:00,45.7 °F,40.8 °F,83 %,NNW,0.0 mph,0.0 mph,30.18 in,0.00 in,0.00 in,0.0,0 w/m²
2024-10-04,ILAMAD25,00:34:00,45.5 °F,41.0 °F,84 %,NNW,0.0 mph,0.0 mph,30.17 in,0.00 in,0.00 in,0.0,0 w/m²
2024-10-04,ILAMAD25,00:39:00,45.6 °F,41.0 °F,84 %,NNW,0.0 mph,0.0 mph,30.17 in,0.00 in,0.00 in,0.0,0 w/m²
2024-10-04,ILAMAD25,00:44:00,46.0 °F,41.1 °F,83 %,NNW,0.0 mph,0.0 mph,30.18 in,0.00 in,0.00 in,0.0,0 w/m²
2024-10-04,ILAMAD25,00:49:00,46.0 °F,41.2 °F,83 %,NNW,0.0 mph,0.0 mph,30.18 in,0.00 in,0.00 in,0.0,0 w/m²
2024-10-04,ILAMAD25,00:54:00,45.8 °F,41.0 °F,83 %,NNW,0.0 mph,0.0 mph,30.18 in,0.00 in,0.00 in,0.0,0 w/m²
2024-10-04,ILAMAD25,00:59:00,45.5 °F,41.0 °F,84 %,NNW,0.0 mph,0.0 mph,30.17 in,0.00 in,0.00 in,0.0,0 w/m²
2024-10-04,ILAMAD25,01:04:00,45.2 °F,40.7 °F,84 %,NNW,0.0 mph,0.0 mph,30.17 in,0.00 in,0.00 in,0.0,0 w/m²
2024-10-04,ILAMAD25,01:09:00,45.0 °F,40.6 °F,85 %,NNW,0.0 mph,0.0 mph,30.18 in,0.00 in,0.00 in,0.0,0 w/m²
2024-10-04,ILAMAD25,01:14:00,45.0 °F,40.8 °F,85 %,NNW,0.0 mph,0.0 mph,30.18 in,0.00 in,0.00 in,0.0,0 w/m²
2024-10-04,ILAMAD25,01:19:00,45.0 °F,41.0 °F,86 %,NNW,0.0 mph,0.0 mph,30.18 in,0.00 in,0.00 in,0.0,0 w/m²
2024-10-04,ILAMAD25,01:24:00,45.0 °F,40.9 °F,86 %,NNW,0.0 mph,0.0 mph,30.18 in,0.00 in,0.00 in,0.0,0 w/m²
2024-10-04,ILAMAD25,01:29:00,44.9 °F,40.8 °F,86 %,NNW,0.0 mph,0.0 mph,30.18 in,0.00 in,0.00 in,0.0,0 w/m²
2024-10-04,ILAMAD25,01:34:00,44.6 °F,40.6 °F,86 %,NNW,0.0 mph,0.0 mph,30.17 in,0.00 in,0.00 in,0.0,0 w/m²
2024-10-04,ILAMAD25,01:39:00,44.4 °F,40.5 °F,86 %,NNW,0.0 mph,0.0 mph,30.17 in,0.00 in,0.00 in,0.0,0 w/m²
2024-10-04,ILAMAD25,01:44:00,44.3 °F,40.4 °F,86 %,NNW,0.0 mph,0.0 mph,30.17 in,0.00 in,0.00 in,0.0,0 w/m²
2024-10-04,ILAMAD25,01:49:00,44.4 °F,40.7 °F,87 %,NNW,0.0 mph,0.0 mph,30.17 in,0.00 in,0.00 in,0.0,0 w/m²
2024-10-04,ILAMAD25,01:54:00,44.3 °F,40.7 °F,87 %,NNW,0.0 mph,0.0 mph,30.18 in,0.00 in,0.00 in,0.0,0 w/m²
2024-10-04,ILAMAD25,01:59:00,44.2 °F,40.6 °F,87 %,NNW,0.0 mph,0.0 mph,30.17 in,0.00 in,0.00 in,0.0,0 w/m²
2024-10-04,ILAMAD25,02:04:00,44.2 °F,40.6 °F,87 %,NNW,0.0 mph,0.0 mph,30.17 in,0.00 in,0.00 in,0.0,0 w/m²
2024-10-04,ILAMAD25,02:09:00,44.0 °F,40.4 °F,87 %,NNW,0.0 mph,0.0 mph,30.17 in,0.00 in,0.00 in,0.0,0 w/m²
2024-10-04,ILAMAD25,02:14:00,44.1 °F,40.6 °F,88 %,NNW,0.0 mph,0.0 mph,30.17 in,0.00 in,0.00 in,0.0,0 w/m²
2024-10-04,ILAMAD25,02:19:00,44.1 °F,40.6 °F,88 %,NNW,0.0 mph,0.0 mph,30.18 in,0.00 in,0.00 in,0.0,0 w/m²
2024-10-04,ILAMAD25,02:24:00,44.0 °F,40.5 °F,88 %,NNW,0.0 mph,0.0 mph,30.18 in,0.00 in,0.00 in,0.0,0 w/m²
2024-10-04,ILAMAD25,02:29:00,43.8 °F,40.4 °F,88 %,NNW,0.0 mph,0.0 mph,30.17 in,0.00 in,0.00 in,0.0,0 w/m²
2024-10-04,ILAMAD25,02:34:00,43.6 °F,40.2 °F,88 %,NNW,0.0 mph,0.0 mph,30.18 in,0.00 in,0.00 in,0.0,0 w/m²
2024-10-04,ILAMAD25,02:39:00,43.8 °F,40.6 °F,89 %,NNW,0.0 mph,0.0 mph,30.17 in,0.00 in,0.00 in,0.0,0 w/m²
2024-10-04,ILAMAD25,02:44:00,43.8 °F,40.7 °F,89 %,NNW,0.0 mph,0.0 mph,30.17 in,0.00 in,0.00 in,0.0,0 w/m²
2024-10-04,ILAMAD25,02:49:00,43.5 °F,40.5 °F,89 %,NNW,0.0 mph,0.0 mph,30.17 in,0.00 in,0.00 in,0.0,0 w/m²
2024-10-04,ILAMAD25,02:54:00,43.3 °F,40.3 °F,89 %,NNW,0.0 mph,0.0 mph,30.17 in,0.00 in,0.00 in,0.0,0 w/m²
2024-10-04,ILAMAD25,02:59:00,43.2 °F,40.1 °F,89 %,NNW,0.0 mph,0.0 mph,30.17 in,0.00 in,0.00 in,0.0,0 w/m²
2024-10-04,ILAMAD25,03:04:00,43.1 °F,40.0 °F,89 %,NNW,0.0 mph,0.0 mph,30.17 in,0.00 in,0.00 in,0.0,0 w/m²
2024-10-04,ILAMAD25,03:09:00,43.0 °F,39.9 °F,89 %,NNW,0.0 mph,0.0 mph,30.17 in,0.00 in,0.00 in,0.0,0 w/m²
2024-10-04,ILAMAD25,03:14:00,43.2 °F,40.4 °F,90 %,NNW,0.0 mph,0.0 mph,30.17 in,0.00 in,0.00 in,0.0,0 w/m²
2024-10-04,ILAMAD25,03:19:00,43.3 °F,40.6 °F,90 %,NNW,0.0 mph,0.0 mph,30.17 in,0.00 in,0.00 in,0.0,0 w/m²
2024-10-04,ILAMAD25,03:24:00,43.3 °F,40.6 °F,90 %,NNW,0.0 mph,0.0 mph,30.17 in,0.00 in,0.00 in,0.0,0 w/m²
2024-10-04,ILAMAD25,03:29:00,43.1 °F,40.4 °F,90 %,NNW,0.0 mph,0.0 mph,30.17 in,0.00 in,0.00 in,0.0,0 w/m²
2024-10-04,ILAMAD25,03:34:00,42.9 °F,40.2 °F,90 %,NNW,0.0 mph,0.0 mph,30.17 in,0.00 in,0.00 in,0.0,0 w/m²
2024-10-04,ILAMAD25,03:39:00,42.8 °F,40.1 °F,90 %,NNW,0.0 mph,0.0 mph,30.17 in,0.00 in,0.00 in,0.0,0 w/m²
2024-10-04,ILAMAD25,03:44:00,42.8 °F,40.1 °F,90 %,NNW,0.0 mph,0.0 mph,30.17 in,0.00 in,0.00 in,0.0,0 w/m²
2024-10-04,ILAMAD25,03:49:00,42.8 °F,40.1 °F,90 %,NNW,0.0 mph,0.0 mph,30.16 in,0.00 in,0.00 in,0.0,0 w/m²
2024-10-04,ILAMAD25,03:54:00,43.0 °F,40.3 °F,90 %,NNW,0.0 mph,0.0 mph,30.16 in,0.00 in,0.00 in,0.0,0 w/m²
2024-10-04,ILAMAD25,03:59:00,42.8 °F,40.1 °F,90 %,NNW,0.0 mph,0.0 mph,30.16 in,0.00 in,0.00 in,0.0,0 w/m²
2024-10-04,ILAMAD25,04:04:00,42.8 °F,40.1 °F,90 %,NNW,0.0 mph,0.0 mph,30.17 in,0.00 in,0.00 in,0.0,0 w/m²
2024-10-04,ILAMAD25,04:09:00,42.8 °F,40.2 °F,90 %,NNW,0.0 mph,0.0 mph,30.16 in,0.00 in,0.00 in,0.0,0 w/m²
2024-10-04,ILAMAD25,04:14:00,42.8 °F,40.4 °F,91 %,NNW,0.0 mph,0.0 mph,30.16 in,0.00 in,0.00 in,0.0,0 w/m²
2024-10-04,ILAMAD25,04:19:00,42.7 °F,40.4 °F,91 %,NNW,0.0 mph,0.0 mph,30.16 in,0.00 in,0.00 in,0.0,0 w/m²
2024-10-04,ILAMAD25,04:24:00,42.7 °F,40.4 °F,91 %,NNW,0.0 mph,0.0 mph,30.16 in,0.00 in,0.00 in,0.0,0 w/m²
2024-10-04,ILAMAD25,04:29:00,42.5 °F,40.2 °F,91 %,NNW,0.0 mph,0.0 mph,30.16 in,0.00 in,0.00 in,0.0,0 w/m²
2024-10-04,ILAMAD25,04:34:00,42.3 °F,40.0 °F,91 %,NNW,0.0 mph,0.0 mph,30.16 in,0.00 in,0.00 in,0.0,0 w/m²
2024-10-04,ILAMAD25,04:39:00,42.2 °F,39.8 °F,91 %,NNW,0.0 mph,0.0 mph,30.16 in,0.00 in,0.00 in,0.0,0 w/m²
2024-10-04,ILAMAD25,04:44:00,42.1 °F,39.7 °F,91 %,NNW,0.0 mph,0.0 mph,30.17 in,0.00 in,0.00 in,0.0,0 w/m²
2024-10-04,ILAMAD25,04:49:00,42.0 °F,39.7 °F,91 %,NNW,0.0 mph,0.0 mph,30.17 in,0.00 in,0.00 in,0.0,0 w/m²
2024-10-04,ILAMAD25,04:54:00,42.0 °F,39.6 °F,91 %,NNW,0.0 mph,0.0 mph,30.17 in,0.00 in,0.00 in,0.0,0 w/m²
2024-10-04,ILAMAD25,04:59:00,42.1 °F,39.7 °F,91 %,NNW,0.0 mph,0.0 mph,30.17 in,0.00 in,0.00 in,0.0,0 w/m²
2024-10-04,ILAMAD25,05:04:00,42.0 °F,39.7 °F,91 %,NNW,0.0 mph,0.0 mph,30.17 in,0.00 in,0.00 in,0.0,0 w/m²
2024-10-04,ILAMAD25,05:09:00,42.1 °F,39.8 °F,92 %,NNW,0.0 mph,0.0 mph,30.17 in,0.00 in,0.00 in,0.0,0 w/m²
2024-10-04,ILAMAD25,05:14:00,42.1 °F,39.9 °F,92 %,NNW,0.0 mph,0.0 mph,30.16 in,0.00 in,0.00 in,0.0,0 w/m²
2024-10-04,ILAMAD25,05:19:00,41.8 °F,39.7 °F,92 %,NNW,0.0 mph,0.0 mph,30.17 in,0.00 in,0.00 in,0.0,0 w/m²
2024-10-04,ILAMAD25,05:24:00,41.7 °F,39.6 °F,92 %,NNW,0.0 mph,0.0 mph,30.16 in,0.00 in,0.00 in,0.0,0 w/m²
2024-10-04,ILAMAD25,05:29:00,41.5 °F,39.4 °F,92 %,NNW,0.0 mph,0.0 mph,30.16 in,0.00 in,0.00 in,0.0,0 w/m²
2024-10-04,ILAMAD25,05:34:00,41.5 °F,39.3 °F,92 %,NNW,0.0 mph,0.0 mph,30.17 in,0.00 in,0.00 in,0.0,0 w/m²
2024-10-04,ILAMAD25,05:39:00,41.4 °F,39.3 °F,92 %,NNW,0.0 mph,0.0 mph,30.17 in,0.00 in,0.00 in,0.0,0 w/m²
2024-10-04,ILAMAD25,05:44:00,41.5 °F,39.4 °F,92 %,NNW,0.0 mph,0.0 mph,30.17 in,0.00 in,0.00 in,0.0,0 w/m²
2024-10-04,ILAMAD25,05:49:00,41.5 °F,39.4 °F,92 %,NNW,0.0 mph,0.0 mph,30.17 in,0.00 in,0.00 in,0.0,0 w/m²
2024-10-04,ILAMAD25,05:54:00,41.4 °F,39.3 °F,92 %,NNW,0.0 mph,0.0 mph,30.17 in,0.00 in,0.00 in,0.0,0 w/m²
2024-10-04,ILAMAD25,05:59:00,41.7 °F,39.6 °F,92 %,NNW,0.0 mph,0.0 mph,30.17 in,0.00 in,0.00 in,0.0,0 w/m²
2024-10-04,ILAMAD25,06:04:00,41.7 °F,39.6 °F,92 %,NNW,0.0 mph,0.0 mph,30.17 in,0.00 in,0.00 in,0.0,0 w/m²
2024-10-04,ILAMAD25,06:09:00,41.5 °F,39.4 °F,92 %,NNW,0.0 mph,0.0 mph,30.17 in,0.00 in,0.00 in,0.0,0 w/m²
2024-10-04,ILAMAD25,06:14:00,41.5 °F,39.5 °F,93 %,NNW,0.0 mph,0.0 mph,30.17 in,0.00 in,0.00 in,0.0,0 w/m²
2024-10-04,ILAMAD25,06:19:00,41.4 °F,39.4 °F,93 %,NNW,0.0 mph,0.0 mph,30.17 in,0.00 in,0.00 in,0.0,0 w/m²
2024-10-04,ILAMAD25,06:24:00,41.4 °F,39.4 °F,93 %,NNW,0.0 mph,0.0 mph,30.17 in,0.00 in,0.00 in,0.0,0 w/m²
2024-10-04,ILAMAD25,06:29:00,41.3 °F,39.3 °F,93 %,NNW,0.0 mph,0.0 mph,30.17 in,0.00 in,0.00 in,0.0,0 w/m²
2024-10-04,ILAMAD25,06:34:00,41.1 °F,39.1 °F,93 %,NNW,0.0 mph,0.0 mph,30.17 in,0.00 in,0.00 in,0.0,0 w/m²
2024-10-04,ILAMAD25,06:39:00,41.2 °F,39.2 °F,93 %,NNW,0.0 mph,0.0 mph,30.17 in,0.00 in,0.00 in,0.0,0 w/m²
2024-10-04,ILAMAD25,06:44:00,41.2 °F,39.2 °F,93 %,NNW,0.0 mph,0.0 mph,30.17 in,0.00 in,0.00 in,0.0,0 w/m²
2024-10-04,ILAMAD25,06:49:00,41.4 °F,39.4 °F,93 %,NNW,0.0 mph,0.0 mph,30.17 in,0.00 in,0.00 in,0.0,0 w/m²
2024-10-04,ILAMAD25,06:54:00,41.4 °F,39.4 °F,93 %,NNW,0.0 mph,0.0 mph,30.17 in,0.00 in,0.00 in,0.0,0 w/m²
2024-10-04,ILAMAD25,06:59:00,41.4 °F,39.4 °F,93 %,NNW,0.0 mph,0.0 mph,30.17 in,0.00 in,0.00 in,0.0,0 w/m²
2024-10-04,ILAMAD25,07:04:00,41.5 °F,39.5 °F,93 %,NNW,0.0 mph,0.0 mph,30.17 in,0.00 in,0.00 in,0.0,0 w/m²
2024-10-04,ILAMAD25,07:09:00,41.4 °F,39.5 °F,93 %,NNW,0.0 mph,0.0 mph,30.17 in,0.00 in,0.00 in,0.0,0 w/m²
2024-10-04,ILAMAD25,07:14:00,41.4 °F,39.4 °F,93 %,NNW,0.0 mph,0.0 mph,30.17 in,0.00 in,0.00 in,0.0,0 w/m²
2024-10-04,ILAMAD25,07:19:00,41.4 °F,39.5 °F,93 %,NNW,0.0 mph,0.0 mph,30.17 in,0.00 in,0.00 in,0.0,0 w/m²
2024-10-04,ILAMAD25,07:24:00,41.4 °F,39.4 °F,93 %,NNW,0.0 mph,0.0 mph,30.17 in,0.00 in,0.00 in,0.0,0 w/m²
2024-10-04,ILAMAD25,07:29:00,41.2 °F,39.2 °F,93 %,NNW,0.0 mph,0.0 mph,30.17 in,0.00 in,0.00 in,0.0,0.1 w/m²
2024-10-04,ILAMAD25,07:34:00,41.0 °F,39.0 °F,93 %,NNW,0.0 mph,0.0 mph,30.17 in,0.00 in,0.00 in,0.0,0.1 w/m²
2024-10-04,ILAMAD25,07:39:00,40.9 °F,38.9 °F,93 %,NNW,0.0 mph,0.0 mph,30.17 in,0.00 in,0.00 in,0.0,0.2 w/m²
2024-10-04,ILAMAD25,07:44:00,41.0 °F,39.0 °F,93 %,NNW,0.0 mph,0.0 mph,30.17 in,0.00 in,0.00 in,0.0,0.5 w/m²
2024-10-04,ILAMAD25,07:49:00,41.1 °F,39.1 °F,93 %,NNW,0.0 mph,0.0 mph,30.18 in,0.00 in,0.00 in,0.0,1 w/m²
2024-10-04,ILAMAD25,07:54:00,41.0 °F,39.0 °F,93 %,NNW,0.0 mph,0.0 mph,30.18 in,0.00 in,0.00 in,0.0,1.6 w/m²
2024-10-04,ILAMAD25,07:59:00,40.8 °F,38.8 °F,93 %,NNW,0.0 mph,0.0 mph,30.18 in,0.00 in,0.00 in,0.0,2.4 w/m²
2024-10-04,ILAMAD25,08:04:00,40.6 °F,38.7 °F,93 %,NNW,0.0 mph,0.0 mph,30.18 in,0.00 in,0.00 in,0.0,3.4 w/m²
2024-10-04,ILAMAD25,08:09:00,40.6 °F,38.6 °F,93 %,NNW,0.0 mph,0.0 mph,30.18 in,0.00 in,0.00 in,0.0,4.5 w/m²
2024-10-04,ILAMAD25,08:14:00,40.7 °F,38.8 °F,93 %,NNW,0.0 mph,0.0 mph,30.19 in,0.00 in,0.00 in,0.0,5.6 w/m²
2024-10-04,ILAMAD25,08:19:00,41.2 °F,39.4 °F,94 %,NNW,0.0 mph,0.0 mph,30.19 in,0.00 in,0.00 in,0.0,6.9 w/m²
2024-10-04,ILAMAD25,08:24:00,41.4 °F,39.6 °F,94 %,NNW,0.0 mph,0.0 mph,30.19 in,0.00 in,0.00 in,0.0,8.2 w/m²
2024-10-04,ILAMAD25,08:29:00,41.5 °F,39.7 °F,94 %,NNW,0.0 mph,0.0 mph,30.19 in,0.00 in,0.00 in,0.0,9.4 w/m²
2024-10-04,ILAMAD25,08:34:00,41.5 °F,39.7 °F,94 %,NNW,0.0 mph,0.0 mph,30.19 in,0.00 in,0.00 in,0.0,10.7 w/m²
2024-10-04,ILAMAD25,08:39:00,41.6 °F,39.8 °F,94 %,NNW,0.0 mph,0.0 mph,30.19 in,0.00 in,0.00 in,0.0,12.1 w/m²
2024-10-04,ILAMAD25,08:44:00,41.9 °F,40.1 °F,94 %,NNW,0.0 mph,0.0 mph,30.19 in,0.00 in,0.00 in,0.0,13.3 w/m²
2024-10-04,ILAMAD25,08:49:00,42.3 °F,40.5 °F,94 %,NNW,0.0 mph,0.0 mph,30.19 in,0.00 in,0.00 in,0.0,14.3 w/m²
2024-10-04,ILAMAD25,08:54:00,42.8 °F,41.0 °F,94 %,NNW,0.0 mph,0.0 mph,30.19 in,0.00 in,0.00 in,0.0,15.1 w/m²
2024-10-04,ILAMAD25,08:59:00,43.2 °F,41.4 °F,94 %,NNW,0.0 mph,0.0 mph,30.19 in,0.00 in,0.00 in,0.0,16.3 w/m²
2024-10-04,ILAMAD25,09:04:00,43.5 °F,41.7 °F,94 %,NNW,0.0 mph,0.0 mph,30.19 in,0.00 in,0.00 in,0.0,17.2 w/m²
2024-10-04,ILAMAD25,09:09:00,44.0 °F,42.2 °F,94 %,NNW,0.0 mph,0.0 mph,30.19 in,0.00 in,0.00 in,0.0,17.8 w/m²
2024-10-04,ILAMAD25,09:14:00,44.3 °F,42.5 °F,94 %,NNW,0.0 mph,0.0 mph,30.19 in,0.00 in,0.00 in,0.0,18.5 w/m²
2024-10-04,ILAMAD25,09:19:00,44.7 °F,42.8 °F,93 %,NNW,0.0 mph,0.0 mph,30.19 in,0.00 in,0.00 in,0.0,19.3 w/m²
2024-10-04,ILAMAD25,09:24:00,45.0 °F,43.0 °F,93 %,NNW,0.0 mph,0.0 mph,30.19 in,0.00 in,0.00 in,0.0,20.1 w/m²
2024-10-04,ILAMAD25,09:29:00,45.2 °F,43.2 °F,93 %,NNW,0.0 mph,0.0 mph,30.19 in,0.00 in,0.00 in,0.0,22.4 w/m²
2024-10-04,ILAMAD25,09:34:00,45.7 °F,43.4 °F,92 %,NNW,0.0 mph,0.0 mph,30.19 in,0.00 in,0.00 in,0.0,23.3 w/m²
2024-10-04,ILAMAD25,09:39:00,46.1 °F,43.4 °F,90 %,NNW,0.0 mph,0.0 mph,30.20 in,0.00 in,0.00 in,0.0,22.7 w/m²
2024-10-04,ILAMAD25,09:44:00,46.5 °F,43.3 °F,89 %,NNW,0.0 mph,0.0 mph,30.20 in,0.00 in,0.00 in,0.0,23.4 w/m²
2024-10-04,ILAMAD25,09:49:00,46.9 °F,43.2 °F,87 %,NNW,0.0 mph,0.0 mph,30.20 in,0.00 in,0.00 in,0.0,24.3 w/m²
2024-10-04,ILAMAD25,09:54:00,47.3 °F,43.2 °F,86 %,NNW,0.0 mph,0.0 mph,30.20 in,0.00 in,0.00 in,0.0,25.6 w/m²
2024-10-04,ILAMAD25,09:59:00,47.8 °F,43.4 °F,85 %,NNW,0.0 mph,0.0 mph,30.21 in,0.00 in,0.00 in,0.0,26.4 w/m²
2024-10-04,ILAMAD25,10:04:00,48.2 °F,43.4 °F,84 %,NNW,0.0 mph,0.0 mph,30.20 in,0.00 in,0.00 in,0.0,26.6 w/m²
2024-10-04,ILAMAD25,10:09:00,48.5 °F,43.3 °F,82 %,NNW,0.1 mph,1.2 mph,30.21 in,0.00 in,0.00 in,0.0,26.9 w/m²
2024-10-04,ILAMAD25,10:14:00,48.9 °F,43.7 °F,82 %,NNW,0.0 mph,0.0 mph,30.20 in,0.00 in,0.00 in,0.0,27 w/m²
2024-10-04,ILAMAD25,10:19:00,49.4 °F,44.1 °F,82 %,NNW,0.0 mph,0.0 mph,30.20 in,0.00 in,0.00 in,0.0,27.1 w/m²
2024-10-04,ILAMAD25,10:24:00,49.8 °F,44.2 °F,81 %,NNW,0.0 mph,0.0 mph,30.20 in,0.00 in,0.00 in,0.0,27.2 w/m²
2024-10-04,ILAMAD25,10:29:00,50.2 °F,44.4 °F,81 %,NNW,0.0 mph,0.0 mph,30.20 in,0.00 in,0.00 in,0.0,27.4 w/m²
2024-10-04,ILAMAD25,10:34:00,50.5 °F,44.2 °F,79 %,NNW,0.0 mph,0.0 mph,30.21 in,0.00 in,0.00 in,0.0,27.5 w/m²
2024-10-04,ILAMAD25,10:39:00,50.7 °F,44.3 °F,79 %,NNW,0.0 mph,0.0 mph,30.21 in,0.00 in,0.00 in,0.0,27.5 w/m²
2024-10-04,ILAMAD25,10:44:00,51.1 °F,44.3 °F,78 %,NNW,0.0 mph,0.0 mph,30.21 in,0.00 in,0.00 in,0.0,27.5 w/m²
2024-10-04,ILAMAD25,10:49:00,51.4 °F,44.2 °F,77 %,NW,0.0 mph,1.2 mph,30.21 in,0.00 in,0.00 in,0.0,27.5 w/m²
2024-10-04,ILAMAD25,10:54:00,51.7 °F,44.3 °F,76 %,NNW,0.0 mph,0.0 mph,30.20 in,0.00 in,0.00 in,0.0,27.5 w/m²
2024-10-04,ILAMAD25,10:59:00,52.0 °F,44.2 °F,75 %,NW,0.0 mph,0.0 mph,30.21 in,0.00 in,0.00 in,0.0,27.7 w/m²
2024-10-04,ILAMAD25,11:04:00,52.2 °F,44.4 °F,75 %,NW,0.0 mph,1.2 mph,30.21 in,0.00 in,0.00 in,0.0,27.6 w/m²
2024-10-04,ILAMAD25,11:09:00,52.7 °F,45.2 °F,76 %,NW,0.0 mph,0.0 mph,30.20 in,0.00 in,0.00 in,0.0,27.7 w/m²
2024-10-04,ILAMAD25,11:14:00,53.0 °F,45.6 °F,76 %,NW,0.0 mph,0.0 mph,30.20 in,0.00 in,0.00 in,0.0,27.9 w/m²
2024-10-04,ILAMAD25,11:19:00,53.2 °F,45.1 °F,74 %,NW,0.0 mph,0.0 mph,30.21 in,0.00 in,0.00 in,0.0,28 w/m²
2024-10-04,ILAMAD25,11:24:00,53.4 °F,44.8 °F,73 %,NW,0.1 mph,1.4 mph,30.21 in,0.00 in,0.00 in,0.0,27.5 w/m²
2024-10-04,ILAMAD25,11:29:00,53.8 °F,44.6 °F,71 %,NNW,0.2 mph,1.6 mph,30.20 in,0.00 in,0.00 in,0.0,27.4 w/m²
2024-10-04,ILAMAD25,11:34:00,54.2 °F,44.7 °F,70 %,NNW,0.1 mph,1.5 mph,30.20 in,0.00 in,0.00 in,0.0,27.2 w/m²
2024-10-04,ILAMAD25,11:39:00,54.4 °F,44.6 °F,69 %,NNW,0.0 mph,0.4 mph,30.20 in,0.00 in,0.00 in,0.0,27.2 w/m²
2024-10-04,ILAMAD25,11:44:00,54.9 °F,44.2 °F,68 %,NNW,0.0 mph,0.0 mph,30.20 in,0.00 in,0.00 in,0.0,26.9 w/m²
2024-10-04,ILAMAD25,11:49:00,55.3 °F,44.7 °F,67 %,NNW,0.2 mph,2.4 mph,30.20 in,0.00 in,0.00 in,0.0,27.1 w/m²
2024-10-04,ILAMAD25,11:54:00,55.4 °F,43.9 °F,65 %,NW,0.9 mph,3.8 mph,30.20 in,0.00 in,0.00 in,0.0,27.3 w/m²
2024-10-04,ILAMAD25,11:59:00,55.4 °F,43.7 °F,65 %,NNW,0.1 mph,2.6 mph,30.20 in,0.00 in,0.00 in,0.0,27.3 w/m²
2024-10-04,ILAMAD25,12:04:00,55.6 °F,43.2 °F,63 %,NNW,0.5 mph,3.4 mph,30.19 in,0.00 in,0.00 in,0.0,27.3 w/m²
2024-10-04,ILAMAD25,12:09:00,55.8 °F,43.7 °F,64 %,NW,0.2 mph,1.9 mph,30.20 in,0.00 in,0.00 in,0.0,27.6 w/m²
2024-10-04,ILAMAD25,12:14:00,56.1 °F,44.0 °F,64 %,NNW,0.2 mph,2.4 mph,30.20 in,0.00 in,0.00 in,0.0,27.7 w/m²
2024-10-04,ILAMAD25,12:19:00,56.6 °F,44.3 °F,63 %,NNW,0.0 mph,0.9 mph,30.19 in,0.00 in,0.00 in,0.0,28 w/m²
2024-10-04,ILAMAD25,12:24:00,56.9 °F,44.4 °F,63 %,NNW,0.0 mph,0.2 mph,30.19 in,0.00 in,0.00 in,0.0,29.3 w/m²
2024-10-04,ILAMAD25,12:29:00,57.2 °F,44.0 °F,61 %,NNW,0.1 mph,1.3 mph,30.20 in,0.00 in,0.00 in,0.0,29.2 w/m²
2024-10-04,ILAMAD25,12:34:00,57.2 °F,44.2 °F,62 %,NNW,0.2 mph,2.4 mph,30.19 in,0.00 in,0.00 in,0.0,30.4 w/m²
2024-10-04,ILAMAD25,12:39:00,57.4 °F,44.0 °F,61 %,NNW,0.0 mph,0.6 mph,30.19 in,0.00 in,0.00 in,0.0,29.7 w/m²
2024-10-04,ILAMAD25,12:44:00,57.8 °F,44.4 °F,61 %,NW,0.0 mph,0.9 mph,30.19 in,0.00 in,0.00 in,0.0,30.7 w/m²
2024-10-04,ILAMAD25,12:49:00,58.2 °F,44.1 °F,59 %,NNW,0.0 mph,0.0 mph,30.19 in,0.00 in,0.00 in,0.0,33.6 w/m²
2024-10-04,ILAMAD25,12:54:00,58.5 °F,44.7 °F,60 %,NNW,0.0 mph,0.0 mph,30.19 in,0.00 in,0.00 in,0.0,33.5 w/m²
2024-10-04,ILAMAD25,12:59:00,58.6 °F,44.0 °F,58 %,NNW,0.2 mph,0.8 mph,30.19 in,0.00 in,0.00 in,0.0,37.1 w/m²
2024-10-04,ILAMAD25,13:04:00,58.2 °F,44.0 °F,59 %,NNW,0.3 mph,2.2 mph,30.19 in,0.00 in,0.00 in,0.0,45.2 w/m²
2024-10-04,ILAMAD25,13:09:00,58.7 °F,44.7 °F,59 %,NNW,0.0 mph,0.0 mph,30.19 in,0.00 in,0.00 in,0.0,44.7 w/m²
2024-10-04,ILAMAD25,13:14:00,58.7 °F,43.6 °F,57 %,NNW,0.4 mph,2.4 mph,30.19 in,0.00 in,0.00 in,0.0,46 w/m²
2024-10-04,ILAMAD25,13:19:00,59.1 °F,44.7 °F,59 %,NNW,0.0 mph,0.4 mph,30.19 in,0.00 in,0.00 in,0.0,52.9 w/m²
2024-10-04,ILAMAD25,13:24:00,58.9 °F,43.4 °F,56 %,NW,0.3 mph,4.4 mph,30.19 in,0.00 in,0.00 in,0.0,55 w/m²
2024-10-04,ILAMAD25,13:29:00,58.1 °F,43.4 °F,58 %,NNW,0.0 mph,0.0 mph,30.19 in,0.00 in,0.00 in,0.0,53.1 w/m²
2024-10-04,ILAMAD25,13:34:00,57.3 °F,44.3 °F,62 %,NNW,0.0 mph,0.0 mph,30.19 in,0.00 in,0.00 in,1.0,109.9 w/m²
2024-10-04,ILAMAD25,13:39:00,57.7 °F,43.8 °F,60 %,NNW,0.1 mph,2.2 mph,30.19 in,0.00 in,0.00 in,3.0,389.5 w/m²
2024-10-04,ILAMAD25,13:44:00,58.8 °F,43.6 °F,57 %,NNW,0.0 mph,1.3 mph,30.19 in,0.00 in,0.00 in,3.0,406.1 w/m²
2024-10-04,ILAMAD25,13:49:00,59.8 °F,43.9 °F,56 %,NNW,0.0 mph,0.0 mph,30.19 in,0.00 in,0.00 in,3.0,393.9 w/m²
2024-10-04,ILAMAD25,13:54:00,59.9 °F,43.7 °F,55 %,,0.1 mph,1.2 mph,30.18 in,0.00 in,0.00 in,0.0,79.3 w/m²
2024-10-04,ILAMAD25,13:59:00,58.3 °F,43.0 °F,57 %,,0.0 mph,1.1 mph,30.18 in,0.00 in,0.00 in,2.0,375.4 w/m²
2024-10-04,ILAMAD25,14:04:00,57.9 °F,42.6 °F,57 %,NW,0.2 mph,2.2 mph,30.18 in,0.00 in,0.00 in,1.0,174 w/m²
2024-10-04,ILAMAD25,14:09:00,56.4 °F,41.4 °F,57 %,,0.1 mph,1.0 mph,30.18 in,0.00 in,0.00 in,3.0,410.9 w/m²
2024-10-04,ILAMAD25,14:14:00,58.2 °F,41.6 °F,54 %,,0.1 mph,2.4 mph,30.18 in,0.00 in,0.00 in,3.0,403.1 w/m²
2024-10-04,ILAMAD25,14:19:00,59.6 °F,41.7 °F,52 %,NNW,0.2 mph,1.4 mph,30.18 in,0.00 in,0.00 in,3.0,405.1 w/m²
2024-10-04,ILAMAD25,14:24:00,60.2 °F,43.0 °F,53 %,NNW,0.1 mph,2.2 mph,30.18 in,0.00 in,0.00 in,3.0,409.4 w/m²
2024-10-04,ILAMAD25,14:29:00,60.6 °F,44.0 °F,54 %,NNW,0.7 mph,3.4 mph,30.17 in,0.00 in,0.00 in,3.0,415.9 w/m²
2024-10-04,ILAMAD25,14:34:00,61.5 °F,45.0 °F,55 %,NNW,0.1 mph,2.8 mph,30.17 in,0.00 in,0.00 in,1.0,214.6 w/m²
2024-10-04,ILAMAD25,14:39:00,58.5 °F,43.4 °F,57 %,NNW,0.1 mph,2.4 mph,30.17 in,0.00 in,0.00 in,3.0,417.4 w/m²
2024-10-04,ILAMAD25,14:44:00,60.2 °F,43.6 °F,54 %,NNW,0.5 mph,3.4 mph,30.17 in,0.00 in,0.00 in,3.0,381.4 w/m²
2024-10-04,ILAMAD25,14:49:00,60.3 °F,43.2 °F,53 %,NNW,0.4 mph,3.4 mph,30.17 in,0.00 in,0.00 in,3.0,382 w/m²
2024-10-04,ILAMAD25,14:54:00,60.7 °F,43.8 °F,54 %,NNW,0.5 mph,2.6 mph,30.17 in,0.00 in,0.00 in,3.0,389.5 w/m²
2024-10-04,ILAMAD25,14:59:00,61.3 °F,43.7 °F,53 %,NNW,0.0 mph,0.8 mph,30.17 in,0.00 in,0.00 in,3.0,389.3 w/m²
2024-10-04,ILAMAD25,15:04:00,62.3 °F,44.2 °F,52 %,,0.4 mph,1.3 mph,30.17 in,0.00 in,0.00 in,3.0,389.3 w/m²
2024-10-04,ILAMAD25,15:09:00,62.7 °F,44.7 °F,52 %,NW,0.6 mph,3.4 mph,30.17 in,0.00 in,0.00 in,3.0,389.2 w/m²
2024-10-04,ILAMAD25,15:14:00,61.4 °F,44.6 °F,54 %,NNW,0.2 mph,3.4 mph,30.17 in,0.00 in,0.00 in,2.0,357.9 w/m²
2024-10-04,ILAMAD25,15:19:00,60.7 °F,44.6 °F,55 %,NNW,0.2 mph,1.2 mph,30.17 in,0.00 in,0.00 in,0.0,62.3 w/m²
2024-10-04,ILAMAD25,15:24:00,58.2 °F,42.3 °F,55 %,NNW,0.4 mph,3.0 mph,30.16 in,0.00 in,0.00 in,2.0,359.6 w/m²
2024-10-04,ILAMAD25,15:29:00,60.5 °F,43.7 °F,54 %,NNW,0.1 mph,1.9 mph,30.17 in,0.00 in,0.00 in,2.0,361.7 w/m²
2024-10-04,ILAMAD25,15:34:00,60.8 °F,43.6 °F,53 %,NW,1.5 mph,3.0 mph,30.16 in,0.00 in,0.00 in,2.0,357.1 w/m²
2024-10-04,ILAMAD25,15:39:00,60.7 °F,44.5 °F,55 %,NW,0.1 mph,2.5 mph,30.16 in,0.00 in,0.00 in,2.0,375.3 w/m²
2024-10-04,ILAMAD25,15:44:00,61.9 °F,44.3 °F,52 %,NNW,0.3 mph,3.4 mph,30.16 in,0.00 in,0.00 in,2.0,374.4 w/m²
2024-10-04,ILAMAD25,15:49:00,63.8 °F,45.5 °F,51 %,NNW,0.3 mph,3.4 mph,30.16 in,0.00 in,0.00 in,2.0,357.4 w/m²
2024-10-04,ILAMAD25,15:54:00,61.4 °F,45.6 °F,56 %,NNW,0.0 mph,0.6 mph,30.16 in,0.00 in,0.00 in,0.0,71.3 w/m²
2024-10-04,ILAMAD25,15:59:00,59.6 °F,45.2 °F,59 %,NNW,0.0 mph,0.0 mph,30.16 in,0.00 in,0.00 in,1.0,210.8 w/m²
2024-10-04,ILAMAD25,16:04:00,58.1 °F,43.7 °F,59 %,NNW,0.2 mph,2.0 mph,30.16 in,0.00 in,0.00 in,2.0,305.2 w/m²
2024-10-04,ILAMAD25,16:09:00,59.7 °F,43.9 °F,56 %,NNW,0.1 mph,1.5 mph,30.16 in,0.00 in,0.00 in,2.0,323.6 w/m²
2024-10-04,ILAMAD25,16:14:00,60.9 °F,43.2 °F,52 %,NW,0.2 mph,2.0 mph,30.16 in,0.00 in,0.00 in,2.0,323.5 w/m²
2024-10-04,ILAMAD25,16:19:00,62.6 °F,43.5 °F,50 %,NW,0.1 mph,2.4 mph,30.16 in,0.00 in,0.00 in,2.0,315.9 w/m²
2024-10-04,ILAMAD25,16:24:00,63.0 °F,44.3 °F,50 %,NW,0.2 mph,2.0 mph,30.16 in,0.00 in,0.00 in,2.0,301.6 w/m²
2024-10-04,ILAMAD25,16:29:00,62.4 °F,44.2 °F,51 %,NW,0.3 mph,1.9 mph,30.16 in,0.00 in,0.00 in,2.0,295.3 w/m²
2024-10-04,ILAMAD25,16:34:00,62.0 °F,43.9 °F,51 %,NNW,0.6 mph,3.2 mph,30.16 in,0.00 in,0.00 in,2.0,281.9 w/m²
2024-10-04,ILAMAD25,16:39:00,62.6 °F,43.7 °F,50 %,NW,0.6 mph,2.1 mph,30.15 in,0.00 in,0.00 in,2.0,274.6 w/m²
2024-10-04,ILAMAD25,16:44:00,62.2 °F,44.3 °F,52 %,NW,0.4 mph,3.4 mph,30.16 in,0.00 in,0.00 in,1.0,221.4 w/m²
2024-10-04,ILAMAD25,16:49:00,61.1 °F,44.9 °F,55 %,NNW,0.1 mph,1.6 mph,30.15 in,0.00 in,0.00 in,1.0,193 w/m²
2024-10-04,ILAMAD25,16:54:00,60.2 °F,45.0 °F,57 %,NNW,0.0 mph,1.1 mph,30.15 in,0.00 in,0.00 in,0.0,50.6 w/m²
2024-10-04,ILAMAD25,16:59:00,59.0 °F,45.3 °F,60 %,NNW,0.1 mph,0.8 mph,30.16 in,0.00 in,0.00 in,0.0,83.5 w/m²
2024-10-04,ILAMAD25,17:04:00,57.9 °F,44.7 °F,61 %,NNW,0.0 mph,0.4 mph,30.16 in,0.00 in,0.00 in,0.0,82.6 w/m²
2024-10-04,ILAMAD25,17:09:00,58.4 °F,44.5 °F,60 %,NNW,0.1 mph,2.0 mph,30.15 in,0.00 in,0.00 in,0.0,76.9 w/m²
2024-10-04,ILAMAD25,17:14:00,58.5 °F,44.4 °F,60 %,NNW,0.0 mph,0.8 mph,30.16 in,0.00 in,0.00 in,0.0,68.4 w/m²
2024-10-04,ILAMAD25,17:19:00,58.3 °F,44.6 °F,60 %,NNW,0.0 mph,0.0 mph,30.16 in,0.00 in,0.00 in,0.0,56.8 w/m²
2024-10-04,ILAMAD25,17:24:00,58.0 °F,44.2 °F,60 %,NNW,0.0 mph,0.0 mph,30.16 in,0.00 in,0.00 in,0.0,44.7 w/m²
2024-10-04,ILAMAD25,17:29:00,57.8 °F,44.3 °F,61 %,NNW,0.2 mph,2.8 mph,30.16 in,0.00 in,0.00 in,0.0,41.7 w/m²
2024-10-04,ILAMAD25,17:34:00,57.8 °F,44.3 °F,61 %,NNW,0.0 mph,0.0 mph,30.16 in,0.00 in,0.00 in,0.0,38.7 w/m²
2024-10-04,ILAMAD25,17:39:00,57.7 °F,43.8 °F,60 %,NNW,0.0 mph,0.0 mph,30.16 in,0.00 in,0.00 in,0.0,34 w/m²
2024-10-04,ILAMAD25,17:44:00,57.5 °F,44.9 °F,63 %,NNW,0.0 mph,0.0 mph,30.16 in,0.00 in,0.00 in,0.0,37.9 w/m²
2024-10-04,ILAMAD25,17:49:00,57.3 °F,45.0 °F,63 %,NNW,0.0 mph,0.0 mph,30.15 in,0.00 in,0.00 in,0.0,43.8 w/m²
2024-10-04,ILAMAD25,17:54:00,57.1 °F,44.5 °F,63 %,NNW,0.0 mph,0.0 mph,30.16 in,0.00 in,0.00 in,0.0,43.5 w/m²
2024-10-04,ILAMAD25,17:59:00,57.2 °F,44.7 °F,63 %,NNW,0.0 mph,0.0 mph,30.15 in,0.00 in,0.00 in,0.0,40 w/m²
2024-10-04,ILAMAD25,18:04:00,57.2 °F,44.4 °F,62 %,NNW,0.0 mph,1.3 mph,30.16 in,0.00 in,0.00 in,0.0,35.7 w/m²
2024-10-04,ILAMAD25,18:09:00,57.1 °F,44.5 °F,63 %,NNW,0.0 mph,1.2 mph,30.15 in,0.00 in,0.00 in,0.0,31.9 w/m²
2024-10-04,ILAMAD25,18:14:00,56.8 °F,44.3 °F,63 %,NNW,0.0 mph,0.0 mph,30.16 in,0.00 in,0.00 in,0.0,26.9 w/m²
2024-10-04,ILAMAD25,18:19:00,56.5 °F,43.8 °F,62 %,NNW,0.0 mph,0.0 mph,30.15 in,0.00 in,0.00 in,0.0,23.5 w/m²
2024-10-04,ILAMAD25,18:24:00,56.3 °F,43.5 °F,62 %,NNW,0.0 mph,0.0 mph,30.15 in,0.00 in,0.00 in,0.0,19.9 w/m²
2024-10-04,ILAMAD25,18:29:00,56.1 °F,43.9 °F,64 %,NNW,0.0 mph,0.0 mph,30.16 in,0.00 in,0.00 in,0.0,18.3 w/m²
2024-10-04,ILAMAD25,18:34:00,56.0 °F,43.8 °F,63 %,NNW,0.0 mph,0.0 mph,30.16 in,0.00 in,0.00 in,0.0,17.4 w/m²
2024-10-04,ILAMAD25,18:39:00,56.0 °F,44.2 °F,65 %,NNW,0.0 mph,0.0 mph,30.16 in,0.00 in,0.00 in,0.0,15.8 w/m²
2024-10-04,ILAMAD25,18:44:00,55.5 °F,44.6 °F,67 %,NNW,0.0 mph,0.0 mph,30.17 in,0.00 in,0.00 in,0.0,14.4 w/m²
2024-10-04,ILAMAD25,18:49:00,55.2 °F,44.4 °F,67 %,NNW,0.0 mph,0.0 mph,30.17 in,0.00 in,0.00 in,0.0,13.2 w/m²
2024-10-04,ILAMAD25,18:54:00,55.0 °F,44.0 °F,66 %,NNW,0.0 mph,0.0 mph,30.17 in,0.00 in,0.00 in,0.0,12.3 w/m²
2024-10-04,ILAMAD25,18:59:00,54.9 °F,44.3 °F,68 %,NNW,0.0 mph,0.0 mph,30.16 in,0.00 in,0.00 in,0.0,9 w/m²
2024-10-04,ILAMAD25,19:04:00,54.8 °F,44.3 °F,68 %,NNW,0.0 mph,0.0 mph,30.17 in,0.00 in,0.00 in,0.0,6.3 w/m²
2024-10-04,ILAMAD25,19:09:00,54.5 °F,44.3 °F,68 %,NNW,0.0 mph,0.0 mph,30.17 in,0.00 in,0.00 in,0.0,4.6 w/m²
2024-10-04,ILAMAD25,19:14:00,54.3 °F,44.1 °F,68 %,NNW,0.0 mph,0.0 mph,30.17 in,0.00 in,0.00 in,0.0,3.2 w/m²
2024-10-04,ILAMAD25,19:19:00,54.1 °F,44.2 °F,69 %,NNW,0.0 mph,0.0 mph,30.17 in,0.00 in,0.00 in,0.0,2.2 w/m²
2024-10-04,ILAMAD25,19:24:00,54.1 °F,44.2 °F,69 %,NNW,0.0 mph,0.0 mph,30.17 in,0.00 in,0.00 in,0.0,1.4 w/m²
2024-10-04,ILAMAD25,19:29:00,53.9 °F,44.1 °F,69 %,NNW,0.0 mph,0.0 mph,30.17 in,0.00 in,0.00 in,0.0,0.8 w/m²
2024-10-04,ILAMAD25,19:34:00,53.7 °F,44.1 °F,70 %,NNW,0.0 mph,0.0 mph,30.17 in,0.00 in,0.00 in,0.0,0.5 w/m²
2024-10-04,ILAMAD25,19:39:00,53.4 °F,43.9 °F,70 %,NNW,0.0 mph,0.0 mph,30.17 in,0.00 in,0.00 in,0.0,0.2 w/m²
2024-10-04,ILAMAD25,19:44:00,53.2 °F,43.9 °F,71 %,NNW,0.0 mph,0.0 mph,30.17 in,0.00 in,0.00 in,0.0,0.1 w/m²
2024-10-04,ILAMAD25,19:49:00,53.0 °F,43.8 °F,71 %,NNW,0.0 mph,0.0 mph,30.17 in,0.00 in,0.00 in,0.0,0.1 w/m²
2024-10-04,ILAMAD25,19:54:00,52.6 °F,43.7 °F,72 %,NNW,0.0 mph,0.0 mph,30.17 in,0.00 in,0.00 in,0.0,0 w/m²
2024-10-04,ILAMAD25,19:59:00,52.4 °F,43.6 °F,72 %,NNW,0.0 mph,0.0 mph,30.18 in,0.00 in,0.00 in,0.0,0 w/m²
2024-10-04,ILAMAD25,20:04:00,52.2 °F,43.5 °F,72 %,NNW,0.0 mph,0.0 mph,30.17 in,0.00 in,0.00 in,0.0,0 w/m²
2024-10-04,ILAMAD25,20:09:00,51.9 °F,43.6 °F,73 %,NNW,0.0 mph,0.0 mph,30.18 in,0.00 in,0.00 in,0.0,0 w/m²
2024-10-04,ILAMAD25,20:14:00,51.8 °F,43.5 °F,73 %,NNW,0.0 mph,0.0 mph,30.18 in,0.00 in,0.00 in,0.0,0 w/m²
2024-10-04,ILAMAD25,20:19:00,51.5 °F,43.3 °F,73 %,NNW,0.0 mph,0.0 mph,30.18 in,0.00 in,0.00 in,0.0,0 w/m²
2024-10-04,ILAMAD25,20:24:00,51.4 °F,43.4 °F,74 %,NNW,0.0 mph,0.0 mph,30.18 in,0.00 in,0.00 in,0.0,0 w/m²
2024-10-04,ILAMAD25,20:29:00,51.3 °F,43.3 °F,74 %,NNW,0.0 mph,0.0 mph,30.18 in,0.00 in,0.00 in,0.0,0 w/m²
2024-10-04,ILAMAD25,20:34:00,51.1 °F,43.2 °F,74 %,NNW,0.0 mph,0.0 mph,30.17 in,0.00 in,0.00 in,0.0,0 w/m²
2024-10-04,ILAMAD25,20:39:00,50.9 °F,43.0 °F,74 %,NNW,0.0 mph,0.0 mph,30.18 in,0.00 in,0.00 in,0.0,0 w/m²
2024-10-04,ILAMAD25,20:44:00,50.7 °F,42.8 °F,74 %,NNW,0.0 mph,0.0 mph,30.18 in,0.00 in,0.00 in,0.0,0 w/m²
2024-10-04,ILAMAD25,20:49:00,50.7 °F,43.0 °F,75 %,NNW,0.0 mph,0.0 mph,30.17 in,0.00 in,0.00 in,0.0,0 w/m²
2024-10-04,ILAMAD25,20:54:00,50.6 °F,42.8 °F,74 %,NNW,0.0 mph,0.0 mph,30.18 in,0.00 in,0.00 in,0.0,0 w/m²
2024-10-04,ILAMAD25,20:59:00,50.7 °F,42.8 °F,74 %,NNW,0.0 mph,0.0 mph,30.18 in,0.00 in,0.00 in,0.0,0 w/m²
2024-10-04,ILAMAD25,21:04:00,50.5 °F,42.7 °F,74 %,NNW,0.0 mph,0.0 mph,30.18 in,0.00 in,0.00 in,0.0,0 w/m²
2024-10-04,ILAMAD25,21:09:00,50.4 °F,42.8 °F,75 %,NNW,0.0 mph,0.0 mph,30.18 in,0.00 in,0.00 in,0.0,0 w/m²
2024-10-04,ILAMAD25,21:14:00,50.1 °F,42.6 °F,75 %,NNW,0.0 mph,0.0 mph,30.18 in,0.00 in,0.00 in,0.0,0 w/m²
2024-10-04,ILAMAD25,21:19:00,49.8 °F,42.7 °F,76 %,NNW,0.0 mph,0.0 mph,30.18 in,0.00 in,0.00 in,0.0,0 w/m²
2024-10-04,ILAMAD25,21:24:00,49.6 °F,42.8 °F,77 %,NNW,0.0 mph,0.0 mph,30.17 in,0.00 in,0.00 in,0.0,0 w/m²
2024-10-04,ILAMAD25,21:29:00,49.8 °F,43.1 °F,78 %,NNW,0.0 mph,0.0 mph,30.17 in,0.00 in,0.00 in,0.0,0 w/m²
2024-10-04,ILAMAD25,21:34:00,49.6 °F,43.1 °F,78 %,NNW,0.0 mph,0.0 mph,30.17 in,0.00 in,0.00 in,0.0,0 w/m²
2024-10-04,ILAMAD25,21:39:00,49.4 °F,42.9 °F,78 %,NNW,0.0 mph,0.0 mph,30.17 in,0.00 in,0.00 in,0.0,0 w/m²
2024-10-04,ILAMAD25,21:44:00,49.3 °F,42.8 °F,78 %,NNW,0.0 mph,0.0 mph,30.17 in,0.00 in,0.00 in,0.0,0 w/m²
2024-10-04,ILAMAD25,21:49:00,49.1 °F,42.7 °F,78 %,NNW,0.0 mph,0.0 mph,30.17 in,0.00 in,0.00 in,0.0,0 w/m²
2024-10-04,ILAMAD25,21:54:00,49.1 °F,42.8 °F,79 %,NNW,0.0 mph,0.0 mph,30.17 in,0.00 in,0.00 in,0.0,0 w/m²
2024-10-04,ILAMAD25,21:59:00,49.1 °F,42.8 °F,79 %,NNW,0.0 mph,0.0 mph,30.17 in,0.00 in,0.00 in,0.0,0 w/m²
2024-10-04,ILAMAD25,22:04:00,48.9 °F,42.6 °F,79 %,NNW,0.0 mph,0.0 mph,30.18 in,0.00 in,0.00 in,0.0,0 w/m²
2024-10-04,ILAMAD25,22:09:00,48.7 °F,42.6 °F,80 %,NNW,0.0 mph,0.0 mph,30.17 in,0.00 in,0.00 in,0.0,0 w/m²
2024-10-04,ILAMAD25,22:14:00,48.5 °F,42.5 °F,80 %,NNW,0.0 mph,0.0 mph,30.18 in,0.00 in,0.00 in,0.0,0 w/m²
2024-10-04,ILAMAD25,22:19:00,48.2 °F,42.4 °F,80 %,NNW,0.0 mph,0.0 mph,30.17 in,0.00 in,0.00 in,0.0,0 w/m²
2024-10-04,ILAMAD25,22:24:00,48.2 °F,42.6 °F,81 %,NNW,0.0 mph,0.0 mph,30.17 in,0.00 in,0.00 in,0.0,0 w/m²
2024-10-04,ILAMAD25,22:29:00,48.2 °F,42.6 °F,81 %,NNW,0.0 mph,0.0 mph,30.17 in,0.00 in,0.00 in,0.0,0 w/m²
2024-10-04,ILAMAD25,22:34:00,48.0 °F,42.4 °F,81 %,NNW,0.0 mph,0.0 mph,30.17 in,0.00 in,0.00 in,0.0,0 w/m²
2024-10-04,ILAMAD25,22:39:00,48.0 °F,42.6 °F,81 %,NNW,0.0 mph,0.0 mph,30.18 in,0.00 in,0.00 in,0.0,0 w/m²
2024-10-04,ILAMAD25,22:44:00,47.8 °F,42.6 °F,82 %,NNW,0.0 mph,0.0 mph,30.17 in,0.00 in,0.00 in,0.0,0 w/m²
2024-10-04,ILAMAD25,22:49:00,47.8 °F,42.5 °F,82 %,NNW,0.0 mph,0.0 mph,30.17 in,0.00 in,0.00 in,0.0,0 w/m²
2024-10-04,ILAMAD25,22:54:00,47.6 °F,42.3 °F,82 %,NNW,0.0 mph,0.0 mph,30.17 in,0.00 in,0.00 in,0.0,0 w/m²
2024-10-04,ILAMAD25,22:59:00,47.5 °F,42.3 °F,82 %,NNW,0.0 mph,0.0 mph,30.17 in,0.00 in,0.00 in,0.0,0 w/m²
2024-10-04,ILAMAD25,23:04:00,47.5 °F,42.6 °F,83 %,NNW,0.0 mph,0.0 mph,30.17 in,0.00 in,0.00 in,0.0,0 w/m²
2024-10-04,ILAMAD25,23:09:00,47.5 °F,42.5 °F,83 %,NNW,0.0 mph,0.0 mph,30.17 in,0.00 in,0.00 in,0.0,0 w/m²
2024-10-04,ILAMAD25,23:14:00,47.5 °F,42.3 °F,82 %,NNW,0.0 mph,0.0 mph,30.17 in,0.00 in,0.00 in,0.0,0 w/m²
2024-10-04,ILAMAD25,23:19:00,47.4 °F,42.3 °F,82 %,NNW,0.0 mph,0.0 mph,30.18 in,0.00 in,0.00 in,0.0,0 w/m²
2024-10-04,ILAMAD25,23:24:00,47.2 °F,42.3 °F,83 %,NNW,0.0 mph,0.0 mph,30.17 in,0.00 in,0.00 in,0.0,0 w/m²
2024-10-04,ILAMAD25,23:29:00,47.1 °F,42.3 °F,83 %,NNW,0.0 mph,0.0 mph,30.17 in,0.00 in,0.00 in,0.0,0 w/m²
2024-10-04,ILAMAD25,23:34:00,46.9 °F,42.1 °F,83 %,NNW,0.0 mph,0.0 mph,30.17 in,0.00 in,0.00 in,0.0,0 w/m²
2024-10-04,ILAMAD25,23:39:00,46.9 °F,42.2 °F,84 %,NNW,0.0 mph,0.0 mph,30.17 in,0.00 in,0.00 in,0.0,0 w/m²
2024-10-04,ILAMAD25,23:44:00,46.9 °F,42.3 °F,84 %,NNW,0.0 mph,0.0 mph,30.17 in,0.00 in,0.00 in,0.0,0 w/m²
2024-10-04,ILAMAD25,23:49:00,46.8 °F,42.1 °F,84 %,NNW,0.0 mph,0.0 mph,30.17 in,0.00 in,0.00 in,0.0,0 w/m²
2024-10-04,ILAMAD25,23:54:00,46.6 °F,41.9 °F,84 %,NNW,0.0 mph,0.0 mph,30.17 in,0.00 in,0.00 in,0.0,0 w/m²
2024-10-04,ILAMAD25,23:59:00,46.4 °F,41.7 °F,84 %,NNW,0.0 mph,0.0 mph,30.17 in,0.00 in,0.00 in,0.0,0 w/m²
2024-10-05,ILAMAD25,,,,,,,,,,,,
2024-10-05,ILAMAD25,00:04:00,46.3 °F,41.7 °F,84 %,NNW,0.0 mph,0.0 mph,30.17 in,0.00 in,0.00 in,0.0,0 w/m²
2024-10-05,ILAMAD25,00:09:00,46.2 °F,41.9 °F,85 %,NNW,0.0 mph,0.0 mph,30.17 in,0.00 in,0.00 in,0.0,0 w/m²
2024-10-05,ILAMAD25,00:14:00,46.2 °F,41.9 °F,85 %,NNW,0.0 mph,0.0 mph,30.17 in,0.00 in,0.00 in,0.0,0 w/m²
2024-10-05,ILAMAD25,00:19:00,46.1 °F,42.1 °F,86 %,NNW,0.0 mph,0.0 mph,30.17 in,0.00 in,0.00 in,0.0,0 w/m²
2024-10-05,ILAMAD25,00:24:00,46.1 °F,42.2 °F,86 %,NNW,0.0 mph,0.0 mph,30.17 in,0.00 in,0.00 in,0.0,0 w/m²
2024-10-05,ILAMAD25,00:29:00,46.3 °F,42.3 °F,86 %,NNW,0.0 mph,0.0 mph,30.17 in,0.00 in,0.00 in,0.0,0 w/m²
2024-10-05,ILAMAD25,00:34:00,46.6 °F,42.3 °F,85 %,NNW,0.0 mph,0.0 mph,30.17 in,0.00 in,0.00 in,0.0,0 w/m²
2024-10-05,ILAMAD25,00:39:00,46.7 °F,42.3 °F,85 %,NNW,0.0 mph,0.0 mph,30.17 in,0.00 in,0.00 in,0.0,0 w/m²
2024-10-05,ILAMAD25,00:44:00,46.8 °F,42.4 °F,85 %,NNW,0.0 mph,0.0 mph,30.17 in,0.00 in,0.00 in,0.0,0 w/m²
2024-10-05,ILAMAD25,00:49:00,46.8 °F,42.4 °F,85 %,NNW,0.0 mph,0.0 mph,30.16 in,0.00 in,0.00 in,0.0,0 w/m²
2024-10-05,ILAMAD25,00:54:00,46.9 °F,42.6 °F,85 %,NNW,0.0 mph,0.0 mph,30.16 in,0.00 in,0.00 in,0.0,0 w/m²
2024-10-05,ILAMAD25,00:59:00,46.9 °F,42.6 °F,85 %,NNW,0.0 mph,0.0 mph,30.16 in,0.00 in,0.00 in,0.0,0 w/m²
2024-10-05,ILAMAD25,01:04:00,47.0 °F,42.7 °F,85 %,NNW,0.0 mph,0.0 mph,30.16 in,0.00 in,0.00 in,0.0,0 w/m²
2024-10-05,ILAMAD25,01:09:00,47.1 °F,42.8 °F,85 %,NNW,0.0 mph,0.0 mph,30.16 in,0.00 in,0.00 in,0.0,0 w/m²
2024-10-05,ILAMAD25,01:14:00,47.3 °F,43.0 °F,85 %,NNW,0.0 mph,0.0 mph,30.16 in,0.00 in,0.00 in,0.0,0 w/m²
2024-10-05,ILAMAD25,01:19:00,47.4 °F,43.1 °F,85 %,NNW,0.0 mph,0.0 mph,30.16 in,0.00 in,0.00 in,0.0,0 w/m²
2024-10-05,ILAMAD25,01:24:00,47.5 °F,42.9 °F,84 %,NNW,0.0 mph,0.0 mph,30.16 in,0.00 in,0.00 in,0.0,0 w/m²
2024-10-05,ILAMAD25,01:29:00,47.6 °F,42.9 °F,84 %,NNW,0.0 mph,0.0 mph,30.15 in,0.00 in,0.00 in,0.0,0 w/m²
2024-10-05,ILAMAD25,01:34:00,47.7 °F,43.0 °F,84 %,NNW,0.0 mph,0.0 mph,30.16 in,0.00 in,0.00 in,0.0,0 w/m²
2024-10-05,ILAMAD25,01:39:00,47.7 °F,43.0 °F,84 %,NNW,0.0 mph,0.0 mph,30.15 in,0.00 in,0.00 in,0.0,0 w/m²
2024-10-05,ILAMAD25,01:44:00,47.7 °F,43.0 °F,84 %,NNW,0.0 mph,0.0 mph,30.15 in,0.00 in,0.00 in,0.0,0 w/m²
2024-10-05,ILAMAD25,01:49:00,47.5 °F,42.8 °F,84 %,NNW,0.0 mph,0.0 mph,30.16 in,0.00 in,0.00 in,0.0,0 w/m²
2024-10-05,ILAMAD25,01:54:00,47.4 °F,42.7 °F,84 %,NNW,0.0 mph,0.0 mph,30.15 in,0.00 in,0.00 in,0.0,0 w/m²
2024-10-05,ILAMAD25,01:59:00,47.2 °F,42.5 °F,84 %,NNW,0.0 mph,0.0 mph,30.15 in,0.00 in,0.00 in,0.0,0 w/m²
2024-10-05,ILAMAD25,02:04:00,47.0 °F,42.5 °F,84 %,NNW,0.0 mph,0.0 mph,30.15 in,0.00 in,0.00 in,0.0,0 w/m²
2024-10-05,ILAMAD25,02:09:00,46.8 °F,42.5 °F,85 %,NNW,0.0 mph,0.0 mph,30.16 in,0.00 in,0.00 in,0.0,0 w/m²
2024-10-05,ILAMAD25,02:14:00,46.6 °F,42.3 °F,85 %,NNW,0.0 mph,0.0 mph,30.16 in,0.00 in,0.00 in,0.0,0 w/m²
2024-10-05,ILAMAD25,02:19:00,46.4 °F,42.2 °F,85 %,NNW,0.0 mph,0.0 mph,30.15 in,0.00 in,0.00 in,0.0,0 w/m²
2024-10-05,ILAMAD25,02:24:00,46.2 °F,42.3 °F,86 %,NNW,0.0 mph,0.0 mph,30.16 in,0.00 in,0.00 in,0.0,0 w/m²
2024-10-05,ILAMAD25,02:29:00,46.2 °F,42.3 °F,86 %,NNW,0.0 mph,0.0 mph,30.16 in,0.00 in,0.00 in,0.0,0 w/m²
2024-10-05,ILAMAD25,02:34:00,46.1 °F,42.2 °F,86 %,NNW,0.0 mph,0.0 mph,30.15 in,0.00 in,0.00 in,0.0,0 w/m²
2024-10-05,ILAMAD25,02:39:00,46.0 °F,42.3 °F,87 %,NNW,0.0 mph,0.0 mph,30.16 in,0.00 in,0.00 in,0.0,0 w/m²
2024-10-05,ILAMAD25,02:44:00,46.1 °F,42.5 °F,87 %,NNW,0.0 mph,0.0 mph,30.15 in,0.00 in,0.00 in,0.0,0 w/m²
2024-10-05,ILAMAD25,02:49:00,46.0 °F,42.4 °F,87 %,NNW,0.0 mph,0.0 mph,30.15 in,0.00 in,0.00 in,0.0,0 w/m²
2024-10-05,ILAMAD25,02:54:00,45.9 °F,42.3 °F,87 %,NNW,0.0 mph,0.0 mph,30.15 in,0.00 in,0.00 in,0.0,0 w/m²
2024-10-05,ILAMAD25,02:59:00,46.0 °F,42.4 °F,87 %,NNW,0.0 mph,0.0 mph,30.15 in,0.00 in,0.00 in,0.0,0 w/m²
2024-10-05,ILAMAD25,03:04:00,45.9 °F,42.3 °F,87 %,NNW,0.0 mph,0.0 mph,30.15 in,0.00 in,0.00 in,0.0,0 w/m²
2024-10-05,ILAMAD25,03:09:00,45.7 °F,42.3 °F,88 %,NNW,0.0 mph,0.0 mph,30.15 in,0.00 in,0.00 in,0.0,0 w/m²
2024-10-05,ILAMAD25,03:14:00,45.4 °F,42.0 °F,88 %,NNW,0.0 mph,0.0 mph,30.15 in,0.00 in,0.00 in,0.0,0 w/m²
2024-10-05,ILAMAD25,03:19:00,45.2 °F,41.8 °F,88 %,NNW,0.0 mph,0.0 mph,30.15 in,0.00 in,0.00 in,0.0,0 w/m²
2024-10-05,ILAMAD25,03:24:00,45.0 °F,41.6 °F,88 %,NNW,0.0 mph,0.0 mph,30.15 in,0.00 in,0.00 in,0.0,0 w/m²
2024-10-05,ILAMAD25,03:29:00,44.9 °F,41.4 °F,88 %,NNW,0.0 mph,0.0 mph,30.15 in,0.00 in,0.00 in,0.0,0 w/m²
2024-10-05,ILAMAD25,03:34:00,44.8 °F,41.5 °F,88 %,NNW,0.0 mph,0.0 mph,30.14 in,0.00 in,0.00 in,0.0,0 w/m²
2024-10-05,ILAMAD25,03:39:00,44.8 °F,41.7 °F,89 %,NNW,0.0 mph,0.0 mph,30.14 in,0.00 in,0.00 in,0.0,0 w/m²
2024-10-05,ILAMAD25,03:44:00,44.8 °F,41.7 °F,89 %,NNW,0.0 mph,0.0 mph,30.14 in,0.00 in,0.00 in,0.0,0 w/m²
2024-10-05,ILAMAD25,03:49:00,44.8 °F,41.8 °F,89 %,NNW,0.0 mph,0.0 mph,30.14 in,0.00 in,0.00 in,0.0,0 w/m²
2024-10-05,ILAMAD25,03:54:00,44.9 °F,42.2 °F,90 %,NNW,0.0 mph,0.0 mph,30.14 in,0.00 in,0.00 in,0.0,0 w/m²
2024-10-05,ILAMAD25,03:59:00,45.0 °F,42.3 °F,90 %,NNW,0.0 mph,0.0 mph,30.14 in,0.00 in,0.00 in,0.0,0 w/m²
2024-10-05,ILAMAD25,04:04:00,45.0 °F,42.1 °F,90 %,NNW,0.0 mph,0.0 mph,30.14 in,0.00 in,0.00 in,0.0,0 w/m²
2024-10-05,ILAMAD25,04:09:00,44.8 °F,41.7 °F,89 %,NNW,0.0 mph,0.0 mph,30.14 in,0.00 in,0.00 in,0.0,0 w/m²
2024-10-05,ILAMAD25,04:14:00,44.6 °F,41.5 °F,89 %,NNW,0.0 mph,0.0 mph,30.14 in,0.00 in,0.00 in,0.0,0 w/m²
2024-10-05,ILAMAD25,04:19:00,44.4 °F,41.4 °F,89 %,NNW,0.0 mph,0.0 mph,30.14 in,0.00 in,0.00 in,0.0,0 w/m²
2024-10-05,ILAMAD25,04:24:00,44.4 °F,41.5 °F,89 %,NNW,0.0 mph,0.0 mph,30.14 in,0.00 in,0.00 in,0.0,0 w/m²
2024-10-05,ILAMAD25,04:29:00,44.2 °F,41.5 °F,90 %,NNW,0.0 mph,0.0 mph,30.14 in,0.00 in,0.00 in,0.0,0 w/m²
2024-10-05,ILAMAD25,04:34:00,44.3 °F,41.6 °F,90 %,NNW,0.0 mph,0.0 mph,30.14 in,0.00 in,0.00 in,0.0,0 w/m²
2024-10-05,ILAMAD25,04:39:00,44.4 °F,41.7 °F,90 %,NNW,0.0 mph,0.0 mph,30.14 in,0.00 in,0.00 in,0.0,0 w/m²
2024-10-05,ILAMAD25,04:44:00,44.4 °F,41.7 °F,90 %,NNW,0.0 mph,0.0 mph,30.14 in,0.00 in,0.00 in,0.0,0 w/m²
2024-10-05,ILAMAD25,04:49:00,44.3 °F,41.6 °F,90 %,NNW,0.0 mph,0.0 mph,30.14 in,0.00 in,0.00 in,0.0,0 w/m²
2024-10-05,ILAMAD25,04:54:00,44.2 °F,41.5 °F,90 %,NNW,0.0 mph,0.0 mph,30.14 in,0.00 in,0.00 in,0.0,0 w/m²
2024-10-05,ILAMAD25,04:59:00,44.0 °F,41.3 °F,90 %,NNW,0.0 mph,0.0 mph,30.14 in,0.00 in,0.00 in,0.0,0 w/m²
2024-10-05,ILAMAD25,05:04:00,44.1 °F,41.5 °F,90 %,NNW,0.0 mph,0.0 mph,30.14 in,0.00 in,0.00 in,0.0,0 w/m²
2024-10-05,ILAMAD25,05:09:00,44.1 °F,41.7 °F,91 %,NNW,0.0 mph,0.0 mph,30.14 in,0.00 in,0.00 in,0.0,0 w/m²
2024-10-05,ILAMAD25,05:14:00,44.0 °F,41.6 °F,91 %,NNW,0.0 mph,0.0 mph,30.14 in,0.00 in,0.00 in,0.0,0 w/m²
2024-10-05,ILAMAD25,05:19:00,43.9 °F,41.5 °F,91 %,NNW,0.0 mph,0.0 mph,30.14 in,0.00 in,0.00 in,0.0,0 w/m²
2024-10-05,ILAMAD25,05:24:00,43.8 °F,41.5 °F,91 %,NNW,0.0 mph,0.0 mph,30.13 in,0.00 in,0.00 in,0.0,0 w/m²
2024-10-05,ILAMAD25,05:29:00,43.7 °F,41.4 °F,91 %,NNW,0.0 mph,0.0 mph,30.14 in,0.00 in,0.00 in,0.0,0 w/m²
2024-10-05,ILAMAD25,05:34:00,43.6 °F,41.3 °F,91 %,NNW,0.0 mph,0.0 mph,30.13 in,0.00 in,0.00 in,0.0,0 w/m²
2024-10-05,ILAMAD25,05:39:00,43.5 °F,41.2 °F,91 %,NNW,0.0 mph,0.0 mph,30.13 in,0.00 in,0.00 in,0.0,0 w/m²
2024-10-05,ILAMAD25,05:44:00,43.5 °F,41.2 °F,91 %,NNW,0.0 mph,0.0 mph,30.13 in,0.00 in,0.00 in,0.0,0 w/m²
2024-10-05,ILAMAD25,05:49:00,43.5 °F,41.2 °F,91 %,NNW,0.0 mph,0.0 mph,30.13 in,0.00 in,0.00 in,0.0,0 w/m²
2024-10-05,ILAMAD25,05:54:00,43.5 °F,41.2 °F,91 %,NNW,0.0 mph,0.0 mph,30.13 in,0.00 in,0.00 in,0.0,0 w/m²
2024-10-05,ILAMAD25,05:59:00,43.4 °F,41.1 °F,91 %,NNW,0.0 mph,0.0 mph,30.13 in,0.00 in,0.00 in,0.0,0 w/m²
2024-10-05,ILAMAD25,06:04:00,43.4 °F,41.1 °F,91 %,NNW,0.0 mph,0.0 mph,30.13 in,0.00 in,0.00 in,0.0,0 w/m²
2024-10-05,ILAMAD25,06:09:00,43.3 °F,41.0 °F,91 %,NNW,0.0 mph,0.0 mph,30.13 in,0.00 in,0.00 in,0.0,0 w/m²
2024-10-05,ILAMAD25,06:14:00,43.2 °F,41.0 °F,92 %,NNW,0.0 mph,0.0 mph,30.13 in,0.00 in,0.00 in,0.0,0 w/m²
2024-10-05,ILAMAD25,06:19:00,43.2 °F,41.0 °F,92 %,NNW,0.0 mph,0.0 mph,30.13 in,0.00 in,0.00 in,0.0,0 w/m²
2024-10-05,ILAMAD25,06:24:00,43.2 °F,41.0 °F,92 %,NNW,0.0 mph,0.0 mph,30.13 in,0.00 in,0.00 in,0.0,0 w/m²
2024-10-05,ILAMAD25,06:29:00,43.1 °F,40.9 °F,92 %,NNW,0.0 mph,0.0 mph,30.13 in,0.00 in,0.00 in,0.0,0 w/m²
2024-10-05,ILAMAD25,06:34:00,42.9 °F,40.7 °F,92 %,NNW,0.0 mph,0.0 mph,30.13 in,0.00 in,0.00 in,0.0,0 w/m²
2024-10-05,ILAMAD25,06:39:00,42.9 °F,40.7 °F,92 %,NNW,0.0 mph,0.0 mph,30.13 in,0.00 in,0.00 in,0.0,0 w/m²
2024-10-05,ILAMAD25,06:44:00,43.0 °F,40.8 °F,92 %,NNW,0.0 mph,0.0 mph,30.13 in,0.00 in,0.00 in,0.0,0 w/m²
2024-10-05,ILAMAD25,06:49:00,42.9 °F,40.7 °F,92 %,NNW,0.0 mph,0.0 mph,30.12 in,0.00 in,0.00 in,0.0,0 w/m²
2024-10-05,ILAMAD25,06:54:00,42.9 °F,40.7 °F,92 %,NNW,0.0 mph,0.0 mph,30.13 in,0.00 in,0.00 in,0.0,0 w/m²
2024-10-05,ILAMAD25,06:59:00,42.8 °F,40.6 °F,92 %,NNW,0.0 mph,0.0 mph,30.13 in,0.00 in,0.00 in,0.0,0 w/m²
2024-10-05,ILAMAD25,07:04:00,42.8 °F,40.6 °F,92 %,NNW,0.0 mph,0.0 mph,30.13 in,0.00 in,0.00 in,0.0,0 w/m²
2024-10-05,ILAMAD25,07:09:00,42.7 °F,40.6 °F,92 %,NNW,0.0 mph,0.0 mph,30.13 in,0.00 in,0.00 in,0.0,0 w/m²
2024-10-05,ILAMAD25,07:14:00,42.6 °F,40.5 °F,92 %,NNW,0.0 mph,0.0 mph,30.13 in,0.00 in,0.00 in,0.0,0 w/m²
2024-10-05,ILAMAD25,07:19:00,42.5 °F,40.4 °F,92 %,NNW,0.0 mph,0.0 mph,30.12 in,0.00 in,0.00 in,0.0,0 w/m²
2024-10-05,ILAMAD25,07:24:00,42.4 °F,40.3 °F,92 %,NNW,0.0 mph,0.0 mph,30.13 in,0.00 in,0.00 in,0.0,0 w/m²
2024-10-05,ILAMAD25,07:29:00,42.4 °F,40.4 °F,93 %,NNW,0.0 mph,0.0 mph,30.13 in,0.00 in,0.00 in,0.0,0 w/m²
2024-10-05,ILAMAD25,07:34:00,42.4 °F,40.5 °F,93 %,NNW,0.0 mph,0.0 mph,30.13 in,0.00 in,0.00 in,0.0,0.1 w/m²
2024-10-05,ILAMAD25,07:39:00,42.2 °F,40.2 °F,93 %,NNW,0.0 mph,0.0 mph,30.12 in,0.00 in,0.00 in,0.0,0.2 w/m²
2024-10-05,ILAMAD25,07:44:00,42.1 °F,40.1 °F,93 %,NNW,0.0 mph,0.0 mph,30.12 in,0.00 in,0.00 in,0.0,0.4 w/m²
2024-10-05,ILAMAD25,07:49:00,41.9 °F,39.9 °F,93 %,NNW,0.0 mph,0.0 mph,30.12 in,0.00 in,0.00 in,0.0,0.8 w/m²
2024-10-05,ILAMAD25,07:54:00,41.9 °F,39.9 °F,93 %,NNW,0.0 mph,0.0 mph,30.12 in,0.00 in,0.00 in,0.0,1.4 w/m²
2024-10-05,ILAMAD25,07:59:00,42.0 °F,40.0 °F,93 %,NNW,0.0 mph,0.0 mph,30.12 in,0.00 in,0.00 in,0.0,2.1 w/m²
2024-10-05,ILAMAD25,08:04:00,42.3 °F,40.3 °F,93 %,NNW,0.0 mph,0.0 mph,30.12 in,0.00 in,0.00 in,0.0,3.1 w/m²
2024-10-05,ILAMAD25,08:09:00,42.3 °F,40.3 °F,93 %,NNW,0.0 mph,0.0 mph,30.12 in,0.00 in,0.00 in,0.0,4 w/m²
2024-10-05,ILAMAD25,08:14:00,42.3 °F,40.3 °F,93 %,NNW,0.0 mph,0.0 mph,30.12 in,0.00 in,0.00 in,0.0,5.1 w/m²
2024-10-05,ILAMAD25,08:19:00,42.4 °F,40.5 °F,93 %,NNW,0.0 mph,0.0 mph,30.12 in,0.00 in,0.00 in,0.0,6.4 w/m²
2024-10-05,ILAMAD25,08:24:00,42.5 °F,40.6 °F,93 %,NNW,0.0 mph,0.0 mph,30.12 in,0.00 in,0.00 in,0.0,7.7 w/m²
2024-10-05,ILAMAD25,08:29:00,42.6 °F,40.6 °F,93 %,NNW,0.0 mph,0.0 mph,30.12 in,0.00 in,0.00 in,0.0,9.1 w/m²
2024-10-05,ILAMAD25,08:34:00,42.8 °F,40.8 °F,93 %,NNW,0.0 mph,0.0 mph,30.12 in,0.00 in,0.00 in,0.0,10.5 w/m²
2024-10-05,ILAMAD25,08:39:00,43.0 °F,41.0 °F,93 %,NNW,0.0 mph,0.0 mph,30.12 in,0.00 in,0.00 in,0.0,11.7 w/m²
2024-10-05,ILAMAD25,08:44:00,43.0 °F,41.1 °F,93 %,NNW,0.0 mph,0.0 mph,30.12 in,0.00 in,0.00 in,0.0,13 w/m²
2024-10-05,ILAMAD25,08:49:00,43.3 °F,41.4 °F,93 %,NNW,0.0 mph,0.0 mph,30.12 in,0.00 in,0.00 in,0.0,14 w/m²
2024-10-05,ILAMAD25,08:54:00,43.7 °F,41.7 °F,93 %,NNW,0.0 mph,0.0 mph,30.12 in,0.00 in,0.00 in,0.0,15.1 w/m²
2024-10-05,ILAMAD25,08:59:00,44.0 °F,42.0 °F,93 %,NNW,0.0 mph,0.0 mph,30.12 in,0.00 in,0.00 in,0.0,16.2 w/m²
2024-10-05,ILAMAD25,09:04:00,44.1 °F,42.2 °F,93 %,NNW,0.0 mph,0.0 mph,30.12 in,0.00 in,0.00 in,0.0,17.2 w/m²
2024-10-05,ILAMAD25,09:09:00,44.3 °F,42.4 °F,93 %,NNW,0.0 mph,0.0 mph,30.12 in,0.00 in,0.00 in,0.0,18.1 w/m²
2024-10-05,ILAMAD25,09:14:00,44.6 °F,42.4 °F,92 %,NNW,0.0 mph,0.0 mph,30.12 in,0.00 in,0.00 in,0.0,18.8 w/m²
2024-10-05,ILAMAD25,09:19:00,44.8 °F,42.5 °F,92 %,NNW,0.0 mph,0.0 mph,30.12 in,0.00 in,0.00 in,0.0,19.8 w/m²
2024-10-05,ILAMAD25,09:24:00,45.0 °F,42.6 °F,91 %,NNW,0.0 mph,0.0 mph,30.12 in,0.00 in,0.00 in,0.0,20.8 w/m²
2024-10-05,ILAMAD25,09:29:00,45.2 °F,42.5 °F,90 %,NNW,0.0 mph,0.0 mph,30.12 in,0.00 in,0.00 in,0.0,23 w/m²
2024-10-05,ILAMAD25,09:34:00,45.5 °F,42.6 °F,90 %,NNW,0.0 mph,0.6 mph,30.12 in,0.00 in,0.00 in,0.0,24.8 w/m²
2024-10-05,ILAMAD25,09:39:00,45.9 °F,42.8 °F,89 %,NNW,0.0 mph,0.8 mph,30.12 in,0.00 in,0.00 in,0.0,23.6 w/m²
2024-10-05,ILAMAD25,09:44:00,46.2 °F,42.9 °F,88 %,NNW,0.0 mph,0.0 mph,30.12 in,0.00 in,0.00 in,0.0,24.5 w/m²
2024-10-05,ILAMAD25,09:49:00,46.5 °F,43.1 °F,88 %,NNW,0.0 mph,0.0 mph,30.12 in,0.00 in,0.00 in,0.0,25.7 w/m²
2024-10-05,ILAMAD25,09:54:00,46.8 °F,43.2 °F,87 %,NNW,0.0 mph,0.0 mph,30.12 in,0.00 in,0.00 in,0.0,26.5 w/m²
2024-10-05,ILAMAD25,09:59:00,47.1 °F,43.5 °F,87 %,NNW,0.0 mph,0.0 mph,30.12 in,0.00 in,0.00 in,0.0,27.1 w/m²
2024-10-05,ILAMAD25,10:04:00,47.5 °F,43.5 °F,86 %,NNW,0.0 mph,0.0 mph,30.12 in,0.00 in,0.00 in,0.0,27.3 w/m²
2024-10-05,ILAMAD25,10:09:00,47.8 °F,43.5 °F,85 %,NNW,0.0 mph,0.0 mph,30.12 in,0.00 in,0.00 in,0.0,27.7 w/m²
2024-10-05,ILAMAD25,10:14:00,48.1 °F,43.6 °F,85 %,NNW,0.0 mph,0.0 mph,30.12 in,0.00 in,0.00 in,0.0,28 w/m²
2024-10-05,ILAMAD25,10:19:00,48.5 °F,43.8 °F,84 %,NNW,0.0 mph,0.0 mph,30.12 in,0.00 in,0.00 in,0.0,28 w/m²
2024-10-05,ILAMAD25,10:24:00,48.8 °F,44.1 °F,84 %,NNW,0.0 mph,0.0 mph,30.12 in,0.00 in,0.00 in,0.0,28.3 w/m²
2024-10-05,ILAMAD25,10:29:00,49.3 °F,44.2 °F,83 %,NNW,0.0 mph,0.0 mph,30.12 in,0.00 in,0.00 in,0.0,28.4 w/m²
2024-10-05,ILAMAD25,10:34:00,49.6 °F,44.4 °F,82 %,NNW,0.0 mph,0.0 mph,30.12 in,0.00 in,0.00 in,0.0,28.5 w/m²
2024-10-05,ILAMAD25,10:39:00,50.0 °F,44.5 °F,81 %,NNW,0.0 mph,0.0 mph,30.12 in,0.00 in,0.00 in,0.0,28.6 w/m²
2024-10-05,ILAMAD25,10:44:00,50.4 °F,44.9 °F,81 %,NNW,0.0 mph,0.0 mph,30.12 in,0.00 in,0.00 in,0.0,29 w/m²
2024-10-05,ILAMAD25,10:49:00,50.8 °F,45.1 °F,81 %,NNW,0.0 mph,0.0 mph,30.12 in,0.00 in,0.00 in,0.0,28.9 w/m²
2024-10-05,ILAMAD25,10:54:00,51.2 °F,45.2 °F,80 %,NNW,0.0 mph,0.0 mph,30.12 in,0.00 in,0.00 in,0.0,28.9 w/m²
2024-10-05,ILAMAD25,10:59:00,51.4 °F,45.2 °F,79 %,NNW,0.0 mph,0.0 mph,30.13 in,0.00 in,0.00 in,0.0,29 w/m²
2024-10-05,ILAMAD25,11:04:00,51.8 °F,45.0 °F,78 %,NNW,0.0 mph,0.0 mph,30.12 in,0.00 in,0.00 in,0.0,29 w/m²
2024-10-05,ILAMAD25,11:09:00,52.1 °F,45.2 °F,78 %,NNW,0.0 mph,0.0 mph,30.12 in,0.00 in,0.00 in,0.0,29.1 w/m²
2024-10-05,ILAMAD25,11:14:00,52.2 °F,45.0 °F,77 %,NNW,0.3 mph,1.1 mph,30.12 in,0.00 in,0.00 in,0.0,29.2 w/m²
2024-10-05,ILAMAD25,11:19:00,52.5 °F,45.3 °F,76 %,NW,0.0 mph,2.2 mph,30.12 in,0.00 in,0.00 in,0.0,29.5 w/m²
2024-10-05,ILAMAD25,11:24:00,53.0 °F,45.4 °F,75 %,NNW,0.0 mph,0.0 mph,30.12 in,0.00 in,0.00 in,0.0,29.6 w/m²
2024-10-05,ILAMAD25,11:29:00,53.2 °F,45.6 °F,75 %,NNW,0.0 mph,0.0 mph,30.12 in,0.00 in,0.00 in,0.0,29.3 w/m²
2024-10-05,ILAMAD25,11:34:00,53.5 °F,45.8 °F,75 %,NW,0.0 mph,0.8 mph,30.12 in,0.00 in,0.00 in,0.0,29.2 w/m²
2024-10-05,ILAMAD25,11:39:00,53.7 °F,45.5 °F,74 %,NNW,0.0 mph,0.4 mph,30.12 in,0.00 in,0.00 in,0.0,29.3 w/m²
2024-10-05,ILAMAD25,11:44:00,54.2 °F,45.9 °F,74 %,NNW,0.0 mph,0.0 mph,30.11 in,0.00 in,0.00 in,0.0,29.3 w/m²
2024-10-05,ILAMAD25,11:49:00,54.6 °F,46.0 °F,73 %,NNW,0.0 mph,1.0 mph,30.11 in,0.00 in,0.00 in,0.0,29.7 w/m²
2024-10-05,ILAMAD25,11:54:00,54.9 °F,45.9 °F,72 %,NNW,0.0 mph,0.0 mph,30.11 in,0.00 in,0.00 in,0.0,29.8 w/m²
2024-10-05,ILAMAD25,11:59:00,55.3 °F,46.4 °F,72 %,NW,0.1 mph,0.2 mph,30.11 in,0.00 in,0.00 in,0.0,30 w/m²
2024-10-05,ILAMAD25,12:04:00,55.7 °F,46.5 °F,72 %,NNW,0.0 mph,1.2 mph,30.11 in,0.00 in,0.00 in,0.0,30.2 w/m²
2024-10-05,ILAMAD25,12:09:00,56.0 °F,46.8 °F,72 %,NNW,0.0 mph,0.0 mph,30.10 in,0.00 in,0.00 in,0.0,30.1 w/m²
2024-10-05,ILAMAD25,12:14:00,56.3 °F,47.0 °F,71 %,NNW,0.0 mph,0.0 mph,30.10 in,0.00 in,0.00 in,0.0,29.9 w/m²
2024-10-05,ILAMAD25,12:19:00,56.5 °F,46.4 °F,69 %,NW,0.3 mph,2.4 mph,30.10 in,0.00 in,0.00 in,0.0,29.9 w/m²
2024-10-05,ILAMAD25,12:24:00,56.6 °F,46.7 °F,69 %,NW,0.1 mph,0.7 mph,30.10 in,0.00 in,0.00 in,0.0,29.8 w/m²
2024-10-05,ILAMAD25,12:29:00,56.8 °F,46.5 °F,68 %,NW,0.1 mph,1.4 mph,30.10 in,0.00 in,0.00 in,0.0,29.7 w/m²
2024-10-05,ILAMAD25,12:34:00,57.2 °F,46.9 °F,68 %,NNW,0.1 mph,1.3 mph,30.10 in,0.00 in,0.00 in,0.0,29.9 w/m²
2024-10-05,ILAMAD25,12:39:00,57.4 °F,46.6 °F,67 %,NNW,0.1 mph,2.0 mph,30.10 in,0.00 in,0.00 in,0.0,30.2 w/m²
2024-10-05,ILAMAD25,12:44:00,57.8 °F,47.2 °F,68 %,NNW,0.0 mph,0.0 mph,30.09 in,0.00 in,0.00 in,0.0,30 w/m²
2024-10-05,ILAMAD25,12:49:00,58.0 °F,47.0 °F,67 %,NNW,0.0 mph,0.0 mph,30.09 in,0.00 in,0.00 in,0.0,30.6 w/m²
2024-10-05,ILAMAD25,12:54:00,58.7 °F,47.6 °F,67 %,NW,0.2 mph,2.4 mph,30.09 in,0.00 in,0.00 in,0.0,30.7 w/m²
2024-10-05,ILAMAD25,12:59:00,59.1 °F,47.0 °F,64 %,NNW,0.2 mph,1.8 mph,30.09 in,0.00 in,0.00 in,0.0,31.2 w/m²
2024-10-05,ILAMAD25,13:04:00,58.7 °F,46.4 °F,64 %,WNW,0.2 mph,2.6 mph,30.09 in,0.00 in,0.00 in,0.0,31.5 w/m²
2024-10-05,ILAMAD25,13:09:00,59.1 °F,47.2 °F,65 %,North,0.1 mph,1.0 mph,30.08 in,0.00 in,0.00 in,0.0,32.9 w/m²
2024-10-05,ILAMAD25,13:14:00,60.2 °F,47.4 °F,63 %,NNW,0.0 mph,0.0 mph,30.08 in,0.00 in,0.00 in,0.0,33.3 w/m²
2024-10-05,ILAMAD25,13:19:00,61.4 °F,47.2 °F,59 %,NNW,0.2 mph,2.2 mph,30.08 in,0.00 in,0.00 in,0.0,34.1 w/m²
2024-10-05,ILAMAD25,13:24:00,61.5 °F,46.4 °F,58 %,NNW,0.2 mph,2.8 mph,30.08 in,0.00 in,0.00 in,0.0,35 w/m²
2024-10-05,ILAMAD25,13:29:00,61.7 °F,46.9 °F,58 %,NNW,0.1 mph,2.8 mph,30.08 in,0.00 in,0.00 in,0.0,36 w/m²
2024-10-05,ILAMAD25,13:34:00,62.3 °F,47.5 °F,58 %,NNW,0.2 mph,2.2 mph,30.07 in,0.00 in,0.00 in,1.0,170.2 w/m²
2024-10-05,ILAMAD25,13:39:00,60.3 °F,44.1 °F,55 %,WNW,0.2 mph,1.2 mph,30.07 in,0.00 in,0.00 in,3.0,389.8 w/m²
2024-10-05,ILAMAD25,13:44:00,60.3 °F,44.6 °F,56 %,NNW,0.3 mph,4.2 mph,30.07 in,0.00 in,0.00 in,3.0,389.5 w/m²
2024-10-05,ILAMAD25,13:49:00,60.8 °F,44.1 °F,54 %,NNW,0.5 mph,3.4 mph,30.06 in,0.00 in,0.00 in,3.0,392.6 w/m²
2024-10-05,ILAMAD25,13:54:00,60.7 °F,43.8 °F,53 %,NNW,0.5 mph,3.4 mph,30.07 in,0.00 in,0.00 in,3.0,402.5 w/m²
2024-10-05,ILAMAD25,13:59:00,60.4 °F,42.8 °F,52 %,NW,0.5 mph,3.4 mph,30.06 in,0.00 in,0.00 in,3.0,395.5 w/m²
2024-10-05,ILAMAD25,14:04:00,61.0 °F,44.9 °F,55 %,NW,0.3 mph,4.4 mph,30.06 in,0.00 in,0.00 in,3.0,404.4 w/m²
2024-10-05,ILAMAD25,14:09:00,61.6 °F,46.5 °F,58 %,NW,0.4 mph,2.4 mph,30.06 in,0.00 in,0.00 in,3.0,409 w/m²
2024-10-05,ILAMAD25,14:14:00,60.9 °F,45.6 °F,57 %,NNW,0.9 mph,4.9 mph,30.05 in,0.00 in,0.00 in,3.0,389.6 w/m²
2024-10-05,ILAMAD25,14:19:00,61.9 °F,45.8 °F,55 %,NNW,0.3 mph,4.4 mph,30.06 in,0.00 in,0.00 in,3.0,387.4 w/m²
2024-10-05,ILAMAD25,14:24:00,61.8 °F,45.8 °F,56 %,NNW,1.0 mph,4.2 mph,30.05 in,0.00 in,0.00 in,3.0,389.4 w/m²
2024-10-05,ILAMAD25,14:29:00,62.3 °F,46.4 °F,56 %,NNW,1.1 mph,4.6 mph,30.04 in,0.00 in,0.00 in,3.0,389.5 w/m²
2024-10-05,ILAMAD25,14:34:00,59.8 °F,45.1 °F,58 %,NNW,0.3 mph,2.8 mph,30.04 in,0.00 in,0.00 in,3.0,389.4 w/m²
2024-10-05,ILAMAD25,14:39:00,61.3 °F,45.8 °F,57 %,NW,0.4 mph,3.5 mph,30.05 in,0.00 in,0.00 in,3.0,387.2 w/m²
2024-10-05,ILAMAD25,14:44:00,62.1 °F,46.4 °F,56 %,NNW,0.2 mph,1.3 mph,30.04 in,0.00 in,0.00 in,3.0,384.1 w/m²
2024-10-05,ILAMAD25,14:49:00,62.3 °F,46.1 °F,55 %,NNW,0.3 mph,3.4 mph,30.04 in,0.00 in,0.00 in,3.0,389.6 w/m²
2024-10-05,ILAMAD25,14:54:00,62.1 °F,46.5 °F,56 %,NW,0.8 mph,3.4 mph,30.04 in,0.00 in,0.00 in,3.0,387.1 w/m²
2024-10-05,ILAMAD25,14:59:00,62.2 °F,46.2 °F,56 %,NW,0.5 mph,3.4 mph,30.03 in,0.00 in,0.00 in,2.0,375.9 w/m²
2024-10-05,ILAMAD25,15:04:00,62.5 °F,45.7 °F,54 %,NNW,0.3 mph,3.4 mph,30.03 in,0.00 in,0.00 in,2.0,369 w/m²
2024-10-05,ILAMAD25,15:09:00,63.2 °F,46.4 °F,54 %,NNW,0.3 mph,3.2 mph,30.03 in,0.00 in,0.00 in,2.0,361.8 w/m²
2024-10-05,ILAMAD25,15:14:00,62.8 °F,46.0 °F,54 %,NNW,0.5 mph,3.4 mph,30.03 in,0.00 in,0.00 in,2.0,356.9 w/m²
2024-10-05,ILAMAD25,15:19:00,62.8 °F,46.1 °F,54 %,NNW,0.7 mph,3.0 mph,30.03 in,0.00 in,0.00 in,2.0,355.9 w/m²
2024-10-05,ILAMAD25,15:24:00,62.2 °F,45.9 °F,55 %,NNW,0.6 mph,3.0 mph,30.03 in,0.00 in,0.00 in,2.0,365.8 w/m²
2024-10-05,ILAMAD25,15:29:00,62.2 °F,46.1 °F,56 %,NNW,0.8 mph,3.4 mph,30.02 in,0.00 in,0.00 in,2.0,356.5 w/m²
2024-10-05,ILAMAD25,15:34:00,62.9 °F,45.8 °F,54 %,NNW,0.6 mph,3.2 mph,30.02 in,0.00 in,0.00 in,2.0,358.7 w/m²
2024-10-05,ILAMAD25,15:39:00,63.3 °F,45.9 °F,53 %,NNW,1.0 mph,3.4 mph,30.02 in,0.00 in,0.00 in,2.0,342.6 w/m²
2024-10-05,ILAMAD25,15:44:00,63.2 °F,46.4 °F,54 %,NNW,0.6 mph,3.4 mph,30.02 in,0.00 in,0.00 in,2.0,334.6 w/m²
2024-10-05,ILAMAD25,15:49:00,63.3 °F,46.5 °F,54 %,NNW,1.2 mph,4.8 mph,30.02 in,0.00 in,0.00 in,2.0,335 w/m²
2024-10-05,ILAMAD25,15:54:00,63.5 °F,47.3 °F,55 %,NNW,0.3 mph,3.4 mph,30.02 in,0.00 in,0.00 in,1.0,212.9 w/m²
2024-10-05,ILAMAD25,15:59:00,61.4 °F,46.0 °F,57 %,NW,0.3 mph,3.0 mph,30.02 in,0.00 in,0.00 in,2.0,309.8 w/m²
2024-10-05,ILAMAD25,16:04:00,61.5 °F,45.4 °F,55 %,NW,0.4 mph,4.4 mph,30.01 in,0.00 in,0.00 in,2.0,310.7 w/m²
2024-10-05,ILAMAD25,16:09:00,62.0 °F,45.9 °F,55 %,NNW,0.1 mph,0.4 mph,30.01 in,0.00 in,0.00 in,1.0,162.8 w/m²
2024-10-05,ILAMAD25,16:14:00,60.9 °F,45.8 °F,58 %,NNW,0.0 mph,1.8 mph,30.01 in,0.00 in,0.00 in,1.0,194.5 w/m²
2024-10-05,ILAMAD25,16:19:00,60.5 °F,46.7 °F,60 %,WNW,0.0 mph,0.2 mph,30.01 in,0.00 in,0.00 in,0.0,63 w/m²
2024-10-05,ILAMAD25,16:24:00,60.0 °F,46.9 °F,62 %,NNW,0.1 mph,1.2 mph,30.01 in,0.00 in,0.00 in,2.0,290.4 w/m²
2024-10-05,ILAMAD25,16:29:00,59.6 °F,46.7 °F,62 %,NW,0.1 mph,1.1 mph,30.01 in,0.00 in,0.00 in,2.0,288 w/m²
2024-10-05,ILAMAD25,16:34:00,61.3 °F,46.4 °F,58 %,NNW,0.4 mph,3.2 mph,30.00 in,0.00 in,0.00 in,0.0,66.7 w/m²
2024-10-05,ILAMAD25,16:39:00,60.3 °F,46.0 °F,59 %,NNW,0.1 mph,2.6 mph,30.00 in,0.00 in,0.00 in,1.0,239.8 w/m²
2024-10-05,ILAMAD25,16:44:00,60.5 °F,45.9 °F,58 %,NNW,0.1 mph,2.8 mph,30.00 in,0.00 in,0.00 in,1.0,232.5 w/m²
2024-10-05,ILAMAD25,16:49:00,60.4 °F,46.5 °F,60 %,WNW,0.0 mph,1.6 mph,30.00 in,0.00 in,0.00 in,1.0,201.4 w/m²
2024-10-05,ILAMAD25,16:54:00,60.1 °F,46.2 °F,60 %,NNW,0.1 mph,1.1 mph,30.01 in,0.00 in,0.00 in,0.0,45.2 w/m²
2024-10-05,ILAMAD25,16:59:00,59.4 °F,45.6 °F,60 %,NNW,0.2 mph,2.0 mph,30.00 in,0.00 in,0.00 in,0.0,87.3 w/m²
2024-10-05,ILAMAD25,17:04:00,59.3 °F,45.7 °F,61 %,NNW,0.0 mph,1.4 mph,30.00 in,0.00 in,0.00 in,0.0,86.7 w/m²
2024-10-05,ILAMAD25,17:09:00,59.7 °F,46.4 °F,61 %,NNW,0.1 mph,0.6 mph,29.99 in,0.00 in,0.00 in,0.0,46 w/m²
2024-10-05,ILAMAD25,17:14:00,59.3 °F,46.2 °F,62 %,NW,0.1 mph,2.6 mph,30.00 in,0.00 in,0.00 in,0.0,37.1 w/m²
2024-10-05,ILAMAD25,17:19:00,58.7 °F,46.0 °F,63 %,NNW,0.0 mph,0.2 mph,29.99 in,0.00 in,0.00 in,0.0,37.1 w/m²
2024-10-05,ILAMAD25,17:24:00,58.6 °F,46.0 °F,63 %,NNW,0.0 mph,0.0 mph,29.99 in,0.00 in,0.00 in,0.0,38.8 w/m²
2024-10-05,ILAMAD25,17:29:00,58.5 °F,46.1 °F,63 %,NNW,0.0 mph,0.0 mph,29.99 in,0.00 in,0.00 in,0.0,39.2 w/m²
2024-10-05,ILAMAD25,17:34:00,58.5 °F,46.2 °F,64 %,NNW,0.0 mph,0.0 mph,29.99 in,0.00 in,0.00 in,0.0,44.1 w/m²
2024-10-05,ILAMAD25,17:39:00,58.2 °F,46.4 °F,65 %,NNW,0.0 mph,0.0 mph,29.99 in,0.00 in,0.00 in,0.0,45 w/m²
2024-10-05,ILAMAD25,17:44:00,58.3 °F,45.8 °F,63 %,NNW,0.0 mph,0.0 mph,29.99 in,0.00 in,0.00 in,0.0,40.8 w/m²
2024-10-05,ILAMAD25,17:49:00,58.2 °F,45.6 °F,63 %,NNW,0.0 mph,0.0 mph,29.99 in,0.00 in,0.00 in,0.0,30.9 w/m²
2024-10-05,ILAMAD25,17:54:00,57.9 °F,45.9 °F,64 %,NNW,0.0 mph,0.0 mph,29.98 in,0.00 in,0.00 in,0.0,25.4 w/m²
2024-10-05,ILAMAD25,17:59:00,57.5 °F,46.0 °F,65 %,NNW,0.0 mph,0.0 mph,29.98 in,0.00 in,0.00 in,0.0,24.1 w/m²
2024-10-05,ILAMAD25,18:04:00,57.2 °F,46.1 °F,66 %,NNW,0.0 mph,0.0 mph,29.98 in,0.00 in,0.00 in,0.0,23.8 w/m²
2024-10-05,ILAMAD25,18:09:00,57.2 °F,45.8 °F,66 %,NNW,0.0 mph,0.0 mph,29.97 in,0.00 in,0.00 in,0.0,22.2 w/m²
2024-10-05,ILAMAD25,18:14:00,57.4 °F,46.1 °F,66 %,NW,0.0 mph,0.0 mph,29.97 in,0.00 in,0.00 in,0.0,21.1 w/m²
2024-10-05,ILAMAD25,18:19:00,57.5 °F,45.8 °F,65 %,NNW,0.1 mph,2.6 mph,29.97 in,0.00 in,0.00 in,0.0,19.8 w/m²
2024-10-05,ILAMAD25,18:24:00,57.6 °F,46.4 °F,66 %,NNW,0.0 mph,0.2 mph,29.96 in,0.00 in,0.00 in,0.0,18.7 w/m²
2024-10-05,ILAMAD25,18:29:00,57.1 °F,46.3 °F,67 %,NNW,0.0 mph,0.0 mph,29.96 in,0.00 in,0.00 in,0.0,17.6 w/m²
2024-10-05,ILAMAD25,18:34:00,57.1 °F,46.4 °F,67 %,NNW,0.0 mph,0.0 mph,29.96 in,0.00 in,0.00 in,0.0,16.3 w/m²
2024-10-05,ILAMAD25,18:39:00,56.9 °F,46.4 °F,68 %,NNW,0.0 mph,0.0 mph,29.96 in,0.00 in,0.00 in,0.0,14.3 w/m²
2024-10-05,ILAMAD25,18:44:00,56.8 °F,46.4 °F,68 %,NNW,0.0 mph,0.0 mph,29.96 in,0.00 in,0.00 in,0.0,12.5 w/m²
2024-10-05,ILAMAD25,18:49:00,56.6 °F,46.5 °F,69 %,NNW,0.0 mph,0.0 mph,29.96 in,0.00 in,0.00 in,0.0,11 w/m²
2024-10-05,ILAMAD25,18:54:00,56.4 °F,46.1 °F,69 %,NNW,0.0 mph,0.0 mph,29.96 in,0.00 in,0.00 in,0.0,9.4 w/m²
2024-10-05,ILAMAD25,18:59:00,56.1 °F,46.2 °F,69 %,NNW,0.0 mph,0.0 mph,29.95 in,0.00 in,0.00 in,0.0,7.7 w/m²
2024-10-05,ILAMAD25,19:04:00,55.8 °F,46.2 °F,70 %,NNW,0.0 mph,0.0 mph,29.95 in,0.00 in,0.00 in,0.0,6.1 w/m²
2024-10-05,ILAMAD25,19:09:00,55.6 °F,46.3 °F,71 %,NNW,0.0 mph,0.0 mph,29.95 in,0.00 in,0.00 in,0.0,4.6 w/m²
2024-10-05,ILAMAD25,19:14:00,55.3 °F,46.1 °F,71 %,NNW,0.0 mph,0.0 mph,29.96 in,0.00 in,0.00 in,0.0,3.1 w/m²
2024-10-05,ILAMAD25,19:19:00,55.0 °F,46.1 °F,72 %,NNW,0.0 mph,0.0 mph,29.95 in,0.00 in,0.00 in,0.0,2.1 w/m²
2024-10-05,ILAMAD25,19:24:00,54.8 °F,45.9 °F,72 %,NNW,0.0 mph,0.0 mph,29.95 in,0.00 in,0.00 in,0.0,1.3 w/m²
2024-10-05,ILAMAD25,19:29:00,54.4 °F,45.6 °F,72 %,NNW,0.0 mph,0.0 mph,29.95 in,0.00 in,0.00 in,0.0,0.7 w/m²
2024-10-05,ILAMAD25,19:34:00,54.2 °F,45.7 °F,73 %,NNW,0.0 mph,0.0 mph,29.95 in,0.00 in,0.00 in,0.0,0.4 w/m²
2024-10-05,ILAMAD25,19:39:00,54.1 °F,45.6 °F,73 %,NNW,0.0 mph,0.0 mph,29.95 in,0.00 in,0.00 in,0.0,0.2 w/m²
2024-10-05,ILAMAD25,19:44:00,53.8 °F,45.3 °F,73 %,NNW,0.0 mph,0.0 mph,29.95 in,0.00 in,0.00 in,0.0,0.1 w/m²
2024-10-05,ILAMAD25,19:49:00,53.5 °F,45.2 °F,73 %,NNW,0.0 mph,0.0 mph,29.95 in,0.00 in,0.00 in,0.0,0 w/m²
2024-10-05,ILAMAD25,19:54:00,53.2 °F,45.1 °F,74 %,NNW,0.0 mph,0.0 mph,29.95 in,0.00 in,0.00 in,0.0,0 w/m²
2024-10-05,ILAMAD25,19:59:00,53.0 °F,44.9 °F,74 %,NNW,0.0 mph,0.0 mph,29.95 in,0.00 in,0.00 in,0.0,0 w/m²
2024-10-05,ILAMAD25,20:04:00,52.8 °F,44.7 °F,74 %,NNW,0.0 mph,0.0 mph,29.95 in,0.00 in,0.00 in,0.0,0 w/m²
2024-10-05,ILAMAD25,20:09:00,52.6 °F,44.6 °F,74 %,NNW,0.0 mph,0.0 mph,29.94 in,0.00 in,0.00 in,0.0,0 w/m²
2024-10-05,ILAMAD25,20:14:00,52.4 °F,44.5 °F,74 %,NNW,0.0 mph,0.0 mph,29.94 in,0.00 in,0.00 in,0.0,0 w/m²
2024-10-05,ILAMAD25,20:19:00,52.3 °F,44.5 °F,74 %,NNW,0.0 mph,0.0 mph,29.95 in,0.00 in,0.00 in,0.0,0 w/m²
2024-10-05,ILAMAD25,20:24:00,52.3 °F,44.5 °F,74 %,NNW,0.0 mph,0.0 mph,29.95 in,0.00 in,0.00 in,0.0,0 w/m²
2024-10-05,ILAMAD25,20:29:00,52.2 °F,44.4 °F,75 %,NNW,0.0 mph,0.0 mph,29.94 in,0.00 in,0.00 in,0.0,0 w/m²
2024-10-05,ILAMAD25,20:34:00,52.2 °F,44.4 °F,75 %,NNW,0.0 mph,0.0 mph,29.94 in,0.00 in,0.00 in,0.0,0 w/m²
2024-10-05,ILAMAD25,20:39:00,51.9 °F,44.2 °F,75 %,NNW,0.0 mph,0.0 mph,29.94 in,0.00 in,0.00 in,0.0,0 w/m²
2024-10-05,ILAMAD25,20:44:00,51.7 °F,44.1 °F,75 %,NNW,0.0 mph,0.0 mph,29.94 in,0.00 in,0.00 in,0.0,0 w/m²
2024-10-05,ILAMAD25,20:49:00,51.5 °F,44.2 °F,76 %,NNW,0.0 mph,0.0 mph,29.94 in,0.00 in,0.00 in,0.0,0 w/m²
2024-10-05,ILAMAD25,20:54:00,51.3 °F,44.0 °F,76 %,NNW,0.0 mph,0.0 mph,29.94 in,0.00 in,0.00 in,0.0,0 w/m²
2024-10-05,ILAMAD25,20:59:00,51.2 °F,44.2 °F,77 %,NNW,0.0 mph,0.0 mph,29.94 in,0.00 in,0.00 in,0.0,0 w/m²
2024-10-05,ILAMAD25,21:04:00,51.0 °F,44.0 °F,77 %,NNW,0.0 mph,0.0 mph,29.94 in,0.00 in,0.00 in,0.0,0 w/m²
2024-10-05,ILAMAD25,21:09:00,50.8 °F,43.8 °F,77 %,NNW,0.0 mph,0.0 mph,29.94 in,0.00 in,0.00 in,0.0,0 w/m²
2024-10-05,ILAMAD25,21:14:00,50.6 °F,43.9 °F,78 %,NNW,0.0 mph,0.0 mph,29.94 in,0.00 in,0.00 in,0.0,0 w/m²
2024-10-05,ILAMAD25,21:19:00,50.5 °F,43.8 °F,78 %,NNW,0.0 mph,0.0 mph,29.94 in,0.00 in,0.00 in,0.0,0 w/m²
2024-10-05,ILAMAD25,21:24:00,50.4 °F,43.7 °F,78 %,NNW,0.0 mph,0.0 mph,29.93 in,0.00 in,0.00 in,0.0,0 w/m²
2024-10-05,ILAMAD25,21:29:00,50.2 °F,43.9 °F,79 %,NNW,0.0 mph,0.0 mph,29.93 in,0.00 in,0.00 in,0.0,0 w/m²
2024-10-05,ILAMAD25,21:34:00,50.0 °F,43.7 °F,79 %,NNW,0.0 mph,0.0 mph,29.93 in,0.00 in,0.00 in,0.0,0 w/m²
2024-10-05,ILAMAD25,21:39:00,50.0 °F,43.7 °F,79 %,NNW,0.0 mph,0.0 mph,29.93 in,0.00 in,0.00 in,0.0,0 w/m²
2024-10-05,ILAMAD25,21:44:00,50.0 °F,43.7 °F,79 %,NNW,0.0 mph,0.0 mph,29.93 in,0.00 in,0.00 in,0.0,0 w/m²
2024-10-05,ILAMAD25,21:49:00,50.0 °F,43.7 °F,79 %,NNW,0.0 mph,0.0 mph,29.93 in,0.00 in,0.00 in,0.0,0 w/m²
2024-10-05,ILAMAD25,21:54:00,50.1 °F,43.8 °F,79 %,NNW,0.0 mph,0.0 mph,29.93 in,0.00 in,0.00 in,0.0,0 w/m²
2024-10-05,ILAMAD25,21:59:00,50.0 °F,43.7 °F,79 %,NNW,0.0 mph,0.0 mph,29.93 in,0.00 in,0.00 in,0.0,0 w/m²
2024-10-05,ILAMAD25,22:04:00,50.0 °F,43.6 °F,78 %,NNW,0.0 mph,0.0 mph,29.93 in,0.00 in,0.00 in,0.0,0 w/m²
2024-10-05,ILAMAD25,22:09:00,50.0 °F,43.5 °F,78 %,NNW,0.0 mph,0.0 mph,29.93 in,0.00 in,0.00 in,0.0,0 w/m²
2024-10-05,ILAMAD25,22:14:00,50.0 °F,43.6 °F,79 %,NNW,0.0 mph,0.0 mph,29.93 in,0.00 in,0.00 in,0.0,0 w/m²
2024-10-05,ILAMAD25,22:19:00,49.8 °F,43.5 °F,79 %,NNW,0.0 mph,0.0 mph,29.92 in,0.00 in,0.00 in,0.0,0 w/m²
2024-10-05,ILAMAD25,22:24:00,49.7 °F,43.4 °F,79 %,NNW,0.0 mph,0.0 mph,29.92 in,0.00 in,0.00 in,0.0,0 w/m²
2024-10-05,ILAMAD25,22:29:00,49.6 °F,43.3 °F,79 %,NNW,0.0 mph,0.0 mph,29.92 in,0.00 in,0.00 in,0.0,0 w/m²
2024-10-05,ILAMAD25,22:34:00,49.6 °F,43.3 °F,79 %,NNW,0.0 mph,0.0 mph,29.91 in,0.00 in,0.00 in,0.0,0 w/m²
2024-10-05,ILAMAD25,22:39:00,49.5 °F,43.3 °F,79 %,NNW,0.0 mph,0.0 mph,29.91 in,0.00 in,0.00 in,0.0,0 w/m²
2024-10-05,ILAMAD25,22:44:00,49.3 °F,43.3 °F,80 %,NNW,0.0 mph,0.0 mph,29.91 in,0.00 in,0.00 in,0.0,0 w/m²
2024-10-05,ILAMAD25,22:49:00,49.3 °F,43.3 °F,80 %,NNW,0.0 mph,0.0 mph,29.91 in,0.00 in,0.00 in,0.0,0 w/m²
2024-10-05,ILAMAD25,22:54:00,49.3 °F,43.3 °F,80 %,NNW,0.0 mph,0.0 mph,29.91 in,0.00 in,0.00 in,0.0,0 w/m²
2024-10-05,ILAMAD25,22:59:00,49.1 °F,43.2 °F,80 %,NNW,0.0 mph,0.0 mph,29.91 in,0.00 in,0.00 in,0.0,0 w/m²
2024-10-05,ILAMAD25,23:04:00,49.1 °F,43.2 °F,80 %,NNW,0.0 mph,0.0 mph,29.91 in,0.00 in,0.00 in,0.0,0 w/m²
2024-10-05,ILAMAD25,23:09:00,48.9 °F,43.0 °F,80 %,NNW,0.0 mph,0.0 mph,29.91 in,0.00 in,0.00 in,0.0,0 w/m²
2024-10-05,ILAMAD25,23:14:00,48.7 °F,42.8 °F,80 %,NNW,0.0 mph,0.0 mph,29.91 in,0.00 in,0.00 in,0.0,0 w/m²
2024-10-05,ILAMAD25,23:19:00,48.7 °F,43.0 °F,81 %,NNW,0.0 mph,0.0 mph,29.91 in,0.00 in,0.00 in,0.0,0 w/m²
2024-10-05,ILAMAD25,23:24:00,48.6 °F,43.0 °F,81 %,NNW,0.0 mph,0.0 mph,29.91 in,0.00 in,0.00 in,0.0,0 w/m²
2024-10-05,ILAMAD25,23:29:00,48.7 °F,42.8 °F,80 %,NNW,0.0 mph,0.0 mph,29.91 in,0.00 in,0.00 in,0.0,0 w/m²
2024-10-05,ILAMAD25,23:34:00,48.7 °F,42.8 °F,80 %,NNW,0.0 mph,0.0 mph,29.91 in,0.00 in,0.00 in,0.0,0 w/m²
2024-10-05,ILAMAD25,23:39:00,48.7 °F,42.8 °F,80 %,NNW,0.0 mph,0.0 mph,29.90 in,0.00 in,0.00 in,0.0,0 w/m²
2024-10-05,ILAMAD25,23:44:00,48.9 °F,42.7 °F,79 %,NNW,0.0 mph,0.0 mph,29.91 in,0.00 in,0.00 in,0.0,0 w/m²
2024-10-05,ILAMAD25,23:49:00,48.9 °F,42.6 °F,79 %,NNW,0.0 mph,0.0 mph,29.91 in,0.00 in,0.00 in,0.0,0 w/m²
2024-10-05,ILAMAD25,23:54:00,48.9 °F,42.7 °F,79 %,NNW,0.0 mph,0.0 mph,29.91 in,0.00 in,0.00 in,0.0,0 w/m²
2024-10-05,ILAMAD25,23:59:00,49.0 °F,43.0 °F,80 %,NNW,0.0 mph,0.0 mph,29.91 in,0.00 in,0.00 in,0.0,0 w/m²
2024-10-06,ILAMAD25,,,,,,,,,,,,
2024-10-06,ILAMAD25,00:04:00,49.2 °F,43.0 °F,79 %,NNW,0.0 mph,0.0 mph,29.91 in,0.00 in,0.00 in,0.0,0 w/m²
2024-10-06,ILAMAD25,00:09:00,49.3 °F,43.0 °F,79 %,NNW,0.0 mph,0.0 mph,29.91 in,0.00 in,0.00 in,0.0,0 w/m²
2024-10-06,ILAMAD25,00:14:00,49.2 °F,42.9 °F,79 %,NNW,0.0 mph,0.0 mph,29.90 in,0.00 in,0.00 in,0.0,0 w/m²
2024-10-06,ILAMAD25,00:19:00,49.1 °F,42.8 °F,79 %,NNW,0.0 mph,0.0 mph,29.90 in,0.00 in,0.00 in,0.0,0 w/m²
2024-10-06,ILAMAD25,00:24:00,48.9 °F,42.9 °F,80 %,NNW,0.0 mph,0.0 mph,29.90 in,0.00 in,0.00 in,0.0,0 w/m²
2024-10-06,ILAMAD25,00:29:00,48.9 °F,42.6 °F,79 %,NNW,0.0 mph,0.0 mph,29.90 in,0.00 in,0.00 in,0.0,0 w/m²
2024-10-06,ILAMAD25,00:34:00,48.7 °F,42.6 °F,79 %,NNW,0.0 mph,0.0 mph,29.89 in,0.00 in,0.00 in,0.0,0 w/m²
2024-10-06,ILAMAD25,00:39:00,48.7 °F,42.5 °F,79 %,NNW,0.0 mph,0.0 mph,29.89 in,0.00 in,0.00 in,0.0,0 w/m²
2024-10-06,ILAMAD25,00:44:00,48.7 °F,42.7 °F,80 %,NNW,0.0 mph,0.0 mph,29.89 in,0.00 in,0.00 in,0.0,0 w/m²
2024-10-06,ILAMAD25,00:49:00,48.7 °F,42.4 °F,79 %,NNW,0.0 mph,0.0 mph,29.89 in,0.00 in,0.00 in,0.0,0 w/m²
2024-10-06,ILAMAD25,00:54:00,49.0 °F,42.6 °F,78 %,NNW,0.0 mph,0.0 mph,29.88 in,0.00 in,0.00 in,0.0,0 w/m²
2024-10-06,ILAMAD25,00:59:00,49.1 °F,42.6 °F,78 %,NNW,0.0 mph,0.0 mph,29.88 in,0.00 in,0.00 in,0.0,0 w/m²
2024-10-06,ILAMAD25,01:04:00,49.0 °F,42.5 °F,78 %,NNW,0.0 mph,0.0 mph,29.88 in,0.00 in,0.00 in,0.0,0 w/m²
2024-10-06,ILAMAD25,01:09:00,48.9 °F,42.4 °F,78 %,NNW,0.0 mph,0.0 mph,29.88 in,0.00 in,0.00 in,0.0,0 w/m²
2024-10-06,ILAMAD25,01:14:00,48.8 °F,42.4 °F,78 %,NNW,0.0 mph,0.0 mph,29.88 in,0.00 in,0.00 in,0.0,0 w/m²
2024-10-06,ILAMAD25,01:19:00,48.7 °F,42.4 °F,79 %,NNW,0.0 mph,0.0 mph,29.88 in,0.00 in,0.00 in,0.0,0 w/m²
2024-10-06,ILAMAD25,01:24:00,48.6 °F,42.3 °F,79 %,NNW,0.0 mph,0.0 mph,29.88 in,0.00 in,0.00 in,0.0,0 w/m²
2024-10-06,ILAMAD25,01:29:00,48.6 °F,42.3 °F,79 %,NNW,0.0 mph,0.0 mph,29.88 in,0.00 in,0.00 in,0.0,0 w/m²
2024-10-06,ILAMAD25,01:34:00,48.6 °F,42.3 °F,79 %,NW,0.1 mph,1.4 mph,29.88 in,0.00 in,0.00 in,0.0,0 w/m²
2024-10-06,ILAMAD25,01:39:00,48.6 °F,42.3 °F,79 %,NNW,0.0 mph,0.0 mph,29.88 in,0.00 in,0.00 in,0.0,0 w/m²
2024-10-06,ILAMAD25,01:44:00,48.5 °F,42.2 °F,79 %,NNW,0.0 mph,0.0 mph,29.88 in,0.00 in,0.00 in,0.0,0 w/m²
2024-10-06,ILAMAD25,01:49:00,48.3 °F,42.1 °F,79 %,NNW,0.0 mph,0.0 mph,29.87 in,0.00 in,0.00 in,0.0,0 w/m²
2024-10-06,ILAMAD25,01:54:00,48.2 °F,42.1 °F,79 %,NNW,0.0 mph,0.0 mph,29.87 in,0.00 in,0.00 in,0.0,0 w/m²
2024-10-06,ILAMAD25,01:59:00,48.2 °F,42.1 °F,79 %,NW,0.0 mph,0.0 mph,29.87 in,0.00 in,0.00 in,0.0,0 w/m²
2024-10-06,ILAMAD25,02:04:00,48.2 °F,42.1 °F,79 %,NNW,0.0 mph,0.0 mph,29.86 in,0.00 in,0.00 in,0.0,0 w/m²
2024-10-06,ILAMAD25,02:09:00,48.1 °F,42.1 °F,79 %,NNW,0.0 mph,0.0 mph,29.86 in,0.00 in,0.00 in,0.0,0 w/m²
2024-10-06,ILAMAD25,02:14:00,48.0 °F,41.9 °F,79 %,NNW,0.0 mph,0.0 mph,29.86 in,0.00 in,0.00 in,0.0,0 w/m²
2024-10-06,ILAMAD25,02:19:00,47.9 °F,41.9 °F,80 %,NNW,0.0 mph,0.0 mph,29.86 in,0.00 in,0.00 in,0.0,0 w/m²
2024-10-06,ILAMAD25,02:24:00,47.8 °F,41.8 °F,80 %,NNW,0.0 mph,0.0 mph,29.86 in,0.00 in,0.00 in,0.0,0 w/m²
2024-10-06,ILAMAD25,02:29:00,47.9 °F,41.9 °F,79 %,NNW,0.0 mph,0.0 mph,29.86 in,0.00 in,0.00 in,0.0,0 w/m²
2024-10-06,ILAMAD25,02:34:00,48.1 °F,42.0 °F,79 %,NNW,0.0 mph,0.0 mph,29.86 in,0.00 in,0.00 in,0.0,0 w/m²
2024-10-06,ILAMAD25,02:39:00,48.1 °F,42.0 °F,79 %,NW,0.0 mph,0.0 mph,29.86 in,0.00 in,0.00 in,0.0,0 w/m²
2024-10-06,ILAMAD25,02:44:00,48.1 °F,42.0 °F,79 %,NNW,0.3 mph,2.6 mph,29.85 in,0.00 in,0.00 in,0.0,0 w/m²
2024-10-06,ILAMAD25,02:49:00,48.0 °F,41.9 °F,79 %,NNW,0.1 mph,2.8 mph,29.85 in,0.00 in,0.00 in,0.0,0 w/m²
2024-10-06,ILAMAD25,02:54:00,48.0 °F,41.9 °F,79 %,NNW,0.0 mph,0.2 mph,29.85 in,0.00 in,0.00 in,0.0,0 w/m²
2024-10-06,ILAMAD25,02:59:00,48.0 °F,41.9 °F,79 %,NW,0.1 mph,1.5 mph,29.85 in,0.00 in,0.00 in,0.0,0 w/m²
2024-10-06,ILAMAD25,03:04:00,47.9 °F,41.9 °F,79 %,NW,0.0 mph,1.4 mph,29.85 in,0.00 in,0.00 in,0.0,0 w/m²
2024-10-06,ILAMAD25,03:09:00,47.9 °F,41.8 °F,79 %,NW,0.0 mph,1.0 mph,29.84 in,0.00 in,0.00 in,0.0,0 w/m²
2024-10-06,ILAMAD25,03:14:00,47.8 °F,41.9 °F,80 %,NNW,0.0 mph,0.2 mph,29.84 in,0.00 in,0.00 in,0.0,0 w/m²
2024-10-06,ILAMAD25,03:19:00,47.8 °F,41.8 °F,80 %,NNW,0.0 mph,1.0 mph,29.83 in,0.00 in,0.00 in,0.0,0 w/m²
2024-10-06,ILAMAD25,03:24:00,47.7 °F,41.7 °F,80 %,NNW,0.0 mph,0.0 mph,29.83 in,0.00 in,0.00 in,0.0,0 w/m²
2024-10-06,ILAMAD25,03:29:00,47.7 °F,41.7 °F,80 %,NW,0.1 mph,2.1 mph,29.83 in,0.00 in,0.00 in,0.0,0 w/m²
2024-10-06,ILAMAD25,03:34:00,47.7 °F,41.7 °F,80 %,NNW,0.0 mph,0.0 mph,29.83 in,0.00 in,0.00 in,0.0,0 w/m²
2024-10-06,ILAMAD25,03:39:00,47.7 °F,41.7 °F,80 %,NW,0.2 mph,1.4 mph,29.83 in,0.00 in,0.00 in,0.0,0 w/m²
2024-10-06,ILAMAD25,03:44:00,47.7 °F,41.7 °F,80 %,NNW,0.0 mph,0.9 mph,29.82 in,0.00 in,0.00 in,0.0,0 w/m²
2024-10-06,ILAMAD25,03:49:00,47.7 °F,41.7 °F,80 %,NW,0.0 mph,0.6 mph,29.82 in,0.00 in,0.00 in,0.0,0 w/m²
2024-10-06,ILAMAD25,03:54:00,47.7 °F,41.7 °F,80 %,NNW,0.0 mph,0.0 mph,29.82 in,0.00 in,0.00 in,0.0,0 w/m²
2024-10-06,ILAMAD25,03:59:00,47.8 °F,41.9 °F,80 %,NNW,0.0 mph,0.0 mph,29.81 in,0.00 in,0.00 in,0.0,0 w/m²
2024-10-06,ILAMAD25,04:04:00,47.8 °F,41.9 °F,80 %,NNW,0.1 mph,1.6 mph,29.81 in,0.00 in,0.00 in,0.0,0 w/m²
2024-10-06,ILAMAD25,04:09:00,47.8 °F,42.1 °F,80 %,NNW,0.0 mph,0.7 mph,29.81 in,0.00 in,0.00 in,0.0,0 w/m²
2024-10-06,ILAMAD25,04:14:00,47.8 °F,42.1 °F,81 %,NNW,0.1 mph,2.4 mph,29.81 in,0.00 in,0.00 in,0.0,0 w/m²
2024-10-06,ILAMAD25,04:19:00,47.8 °F,42.1 °F,81 %,NNW,0.3 mph,2.6 mph,29.81 in,0.00 in,0.00 in,0.0,0 w/m²
2024-10-06,ILAMAD25,04:24:00,48.0 °F,42.1 °F,80 %,NW,0.2 mph,2.8 mph,29.80 in,0.00 in,0.00 in,0.0,0 w/m²
2024-10-06,ILAMAD25,04:29:00,47.8 °F,42.1 °F,80 %,NNW,0.1 mph,2.8 mph,29.80 in,0.00 in,0.00 in,0.0,0 w/m²
2024-10-06,ILAMAD25,04:34:00,47.8 °F,42.1 °F,80 %,NNW,0.3 mph,2.2 mph,29.80 in,0.00 in,0.00 in,0.0,0 w/m²
2024-10-06,ILAMAD25,04:39:00,47.8 °F,42.2 °F,81 %,NW,0.2 mph,2.0 mph,29.80 in,0.00 in,0.00 in,0.0,0 w/m²
2024-10-06,ILAMAD25,04:44:00,47.7 °F,42.1 °F,81 %,NNW,0.3 mph,4.2 mph,29.80 in,0.00 in,0.00 in,0.0,0 w/m²
2024-10-06,ILAMAD25,04:49:00,47.7 °F,42.1 °F,81 %,NW,0.0 mph,1.3 mph,29.80 in,0.00 in,0.00 in,0.0,0 w/m²
2024-10-06,ILAMAD25,04:54:00,47.7 °F,42.1 °F,81 %,NW,0.2 mph,1.6 mph,29.79 in,0.00 in,0.00 in,0.0,0 w/m²
2024-10-06,ILAMAD25,04:59:00,47.7 °F,42.1 °F,81 %,NNW,0.0 mph,1.1 mph,29.79 in,0.00 in,0.00 in,0.0,0 w/m²
2024-10-06,ILAMAD25,05:04:00,47.7 °F,42.1 °F,81 %,NW,0.1 mph,2.6 mph,29.80 in,0.00 in,0.00 in,0.0,0 w/m²
2024-10-06,ILAMAD25,05:09:00,47.7 °F,42.1 °F,81 %,NNW,0.0 mph,1.0 mph,29.79 in,0.00 in,0.00 in,0.0,0 w/m²
2024-10-06,ILAMAD25,05:14:00,47.7 °F,42.1 °F,81 %,NNW,0.1 mph,1.1 mph,29.79 in,0.00 in,0.00 in,0.0,0 w/m²
2024-10-06,ILAMAD25,05:19:00,47.7 °F,42.2 °F,81 %,NNW,0.1 mph,2.4 mph,29.79 in,0.00 in,0.00 in,0.0,0 w/m²
2024-10-06,ILAMAD25,05:24:00,47.7 °F,42.1 °F,81 %,NW,0.3 mph,3.2 mph,29.78 in,0.00 in,0.00 in,0.0,0 w/m²
2024-10-06,ILAMAD25,05:29:00,47.8 °F,42.3 °F,81 %,NNW,0.2 mph,1.8 mph,29.78 in,0.00 in,0.00 in,0.0,0 w/m²
2024-10-06,ILAMAD25,05:34:00,47.7 °F,42.1 °F,81 %,NW,0.1 mph,1.5 mph,29.78 in,0.00 in,0.00 in,0.0,0 w/m²
2024-10-06,ILAMAD25,05:39:00,47.7 °F,42.3 °F,82 %,NW,0.3 mph,2.4 mph,29.78 in,0.00 in,0.00 in,0.0,0 w/m²
2024-10-06,ILAMAD25,05:44:00,47.7 °F,42.3 °F,82 %,NNW,0.1 mph,2.8 mph,29.78 in,0.00 in,0.00 in,0.0,0 w/m²
2024-10-06,ILAMAD25,05:49:00,47.7 °F,42.4 °F,82 %,NNW,0.3 mph,3.2 mph,29.77 in,0.00 in,0.00 in,0.0,0 w/m²
2024-10-06,ILAMAD25,05:54:00,47.7 °F,42.4 °F,82 %,NW,0.1 mph,2.2 mph,29.77 in,0.00 in,0.00 in,0.0,0 w/m²
2024-10-06,ILAMAD25,05:59:00,47.7 °F,42.4 °F,82 %,NW,0.1 mph,1.2 mph,29.77 in,0.00 in,0.00 in,0.0,0 w/m²
2024-10-06,ILAMAD25,06:04:00,47.7 °F,42.4 °F,82 %,NNW,0.1 mph,3.0 mph,29.78 in,0.00 in,0.00 in,0.0,0 w/m²
2024-10-06,ILAMAD25,06:09:00,47.7 °F,42.4 °F,82 %,NNW,0.2 mph,2.0 mph,29.77 in,0.00 in,0.00 in,0.0,0 w/m²
2024-10-06,ILAMAD25,06:14:00,47.7 °F,42.4 °F,82 %,NNW,0.2 mph,2.4 mph,29.77 in,0.00 in,0.00 in,0.0,0 w/m²
2024-10-06,ILAMAD25,06:19:00,47.7 °F,42.4 °F,82 %,NW,0.3 mph,3.4 mph,29.76 in,0.00 in,0.00 in,0.0,0 w/m²
2024-10-06,ILAMAD25,06:24:00,47.7 °F,42.4 °F,82 %,NNW,0.1 mph,1.8 mph,29.77 in,0.00 in,0.00 in,0.0,0 w/m²
2024-10-06,ILAMAD25,06:29:00,47.7 °F,42.4 °F,82 %,NNW,0.1 mph,2.2 mph,29.77 in,0.00 in,0.00 in,0.0,0 w/m²
2024-10-06,ILAMAD25,06:34:00,47.7 °F,42.4 °F,82 %,NW,0.3 mph,2.8 mph,29.76 in,0.00 in,0.00 in,0.0,0 w/m²
2024-10-06,ILAMAD25,06:39:00,47.7 °F,42.4 °F,82 %,NNW,0.1 mph,1.5 mph,29.76 in,0.00 in,0.00 in,0.0,0 w/m²
2024-10-06,ILAMAD25,06:44:00,47.7 °F,42.4 °F,82 %,NNW,0.1 mph,2.2 mph,29.76 in,0.00 in,0.00 in,0.0,0 w/m²
2024-10-06,ILAMAD25,06:49:00,47.7 °F,42.4 °F,82 %,NNW,0.0 mph,1.3 mph,29.76 in,0.00 in,0.00 in,0.0,0 w/m²
2024-10-06,ILAMAD25,06:54:00,47.7 °F,42.4 °F,82 %,NNW,0.2 mph,3.0 mph,29.76 in,0.00 in,0.00 in,0.0,0 w/m²
2024-10-06,ILAMAD25,06:59:00,47.7 °F,42.4 °F,82 %,NNW,0.1 mph,2.2 mph,29.76 in,0.00 in,0.00 in,0.0,0 w/m²
2024-10-06,ILAMAD25,07:04:00,47.7 °F,42.4 °F,82 %,NNW,0.0 mph,1.0 mph,29.76 in,0.00 in,0.00 in,0.0,0 w/m²
2024-10-06,ILAMAD25,07:09:00,47.7 °F,42.4 °F,82 %,NNW,0.1 mph,1.7 mph,29.75 in,0.00 in,0.00 in,0.0,0 w/m²
2024-10-06,ILAMAD25,07:14:00,47.7 °F,42.4 °F,82 %,NW,0.0 mph,1.0 mph,29.75 in,0.00 in,0.00 in,0.0,0 w/m²
2024-10-06,ILAMAD25,07:19:00,47.8 °F,42.6 °F,82 %,NW,0.4 mph,2.8 mph,29.75 in,0.00 in,0.00 in,0.0,0 w/m²
2024-10-06,ILAMAD25,07:24:00,47.8 °F,42.6 °F,82 %,NNW,0.1 mph,1.0 mph,29.75 in,0.00 in,0.00 in,0.0,0 w/m²
2024-10-06,ILAMAD25,07:29:00,47.8 °F,42.6 °F,82 %,NNW,0.7 mph,4.2 mph,29.76 in,0.00 in,0.00 in,0.0,0 w/m²
2024-10-06,ILAMAD25,07:34:00,48.0 °F,42.8 °F,82 %,,0.3 mph,3.1 mph,29.76 in,0.00 in,0.00 in,0.0,0 w/m²
2024-10-06,ILAMAD25,07:39:00,48.0 °F,42.7 °F,82 %,NNW,0.1 mph,2.0 mph,29.75 in,0.00 in,0.00 in,0.0,0.1 w/m²
2024-10-06,ILAMAD25,07:44:00,48.0 °F,42.8 °F,82 %,NNW,0.1 mph,1.4 mph,29.75 in,0.00 in,0.00 in,0.0,0.1 w/m²
2024-10-06,ILAMAD25,07:49:00,48.1 °F,42.8 °F,82 %,NNW,0.1 mph,1.7 mph,29.75 in,0.00 in,0.00 in,0.0,0.3 w/m²
2024-10-06,ILAMAD25,07:54:00,48.2 °F,42.6 °F,81 %,NW,0.0 mph,1.6 mph,29.75 in,0.00 in,0.00 in,0.0,0.6 w/m²
2024-10-06,ILAMAD25,07:59:00,48.2 °F,42.6 °F,81 %,NNW,0.2 mph,1.9 mph,29.75 in,0.00 in,0.00 in,0.0,0.8 w/m²
2024-10-06,ILAMAD25,08:04:00,48.4 °F,42.8 °F,81 %,NNW,0.2 mph,1.2 mph,29.75 in,0.00 in,0.00 in,0.0,1 w/m²
2024-10-06,ILAMAD25,08:09:00,48.4 °F,42.8 °F,81 %,NNW,0.0 mph,2.2 mph,29.75 in,0.00 in,0.00 in,0.0,1.3 w/m²
2024-10-06,ILAMAD25,08:14:00,48.4 °F,42.8 °F,81 %,NNW,0.0 mph,1.7 mph,29.75 in,0.00 in,0.00 in,0.0,1.9 w/m²
2024-10-06,ILAMAD25,08:19:00,48.4 °F,42.7 °F,81 %,NNW,0.6 mph,4.4 mph,29.75 in,0.00 in,0.00 in,0.0,2.9 w/m²
2024-10-06,ILAMAD25,08:24:00,48.4 °F,42.8 °F,81 %,NNW,0.5 mph,2.6 mph,29.75 in,0.00 in,0.00 in,0.0,4.3 w/m²
2024-10-06,ILAMAD25,08:29:00,48.5 °F,42.8 °F,81 %,NNW,0.3 mph,3.2 mph,29.75 in,0.00 in,0.00 in,0.0,5.7 w/m²
2024-10-06,ILAMAD25,08:34:00,48.6 °F,42.8 °F,81 %,NNW,0.2 mph,3.0 mph,29.75 in,0.00 in,0.00 in,0.0,7 w/m²
2024-10-06,ILAMAD25,08:39:00,48.6 °F,42.8 °F,81 %,NNW,0.2 mph,1.6 mph,29.75 in,0.00 in,0.00 in,0.0,7.5 w/m²
2024-10-06,ILAMAD25,08:44:00,48.7 °F,43.0 °F,81 %,NNW,0.1 mph,2.2 mph,29.75 in,0.00 in,0.00 in,0.0,7.9 w/m²
2024-10-06,ILAMAD25,08:49:00,48.7 °F,42.8 °F,80 %,NNW,0.1 mph,2.6 mph,29.74 in,0.00 in,0.00 in,0.0,10.2 w/m²
2024-10-06,ILAMAD25,08:54:00,48.8 °F,42.9 °F,80 %,NNW,0.4 mph,4.2 mph,29.73 in,0.00 in,0.00 in,0.0,12.3 w/m²
2024-10-06,ILAMAD25,08:59:00,49.0 °F,42.9 °F,80 %,NNW,0.9 mph,5.0 mph,29.74 in,0.00 in,0.00 in,0.0,13.8 w/m²
2024-10-06,ILAMAD25,09:04:00,49.2 °F,42.9 °F,79 %,NNW,0.4 mph,3.2 mph,29.74 in,0.00 in,0.00 in,0.0,15.4 w/m²
2024-10-06,ILAMAD25,09:09:00,49.2 °F,42.9 °F,79 %,NW,0.4 mph,3.4 mph,29.74 in,0.00 in,0.00 in,0.0,17 w/m²
2024-10-06,ILAMAD25,09:14:00,49.1 °F,42.8 °F,79 %,NW,0.1 mph,2.6 mph,29.74 in,0.00 in,0.00 in,0.0,19 w/m²
2024-10-06,ILAMAD25,09:19:00,49.2 °F,42.9 °F,79 %,NNW,0.5 mph,4.0 mph,29.73 in,0.00 in,0.00 in,0.0,21 w/m²
2024-10-06,ILAMAD25,09:24:00,49.3 °F,43.0 °F,79 %,NNW,0.1 mph,3.2 mph,29.73 in,0.00 in,0.00 in,0.0,22.1 w/m²
2024-10-06,ILAMAD25,09:29:00,49.3 °F,43.0 °F,79 %,NNW,0.2 mph,2.0 mph,29.73 in,0.00 in,0.00 in,0.0,22.6 w/m²
2024-10-06,ILAMAD25,09:34:00,49.4 °F,43.1 °F,79 %,NNW,0.6 mph,3.0 mph,29.73 in,0.00 in,0.00 in,0.0,23.1 w/m²
2024-10-06,ILAMAD25,09:39:00,49.5 °F,43.1 °F,79 %,NNW,0.4 mph,3.0 mph,29.73 in,0.00 in,0.00 in,0.0,24.1 w/m²
2024-10-06,ILAMAD25,09:44:00,49.5 °F,43.1 °F,79 %,NNW,0.3 mph,2.6 mph,29.73 in,0.00 in,0.00 in,0.0,24.8 w/m²
2024-10-06,ILAMAD25,09:49:00,49.6 °F,43.2 °F,79 %,NNW,0.2 mph,3.2 mph,29.73 in,0.00 in,0.00 in,0.0,24.9 w/m²
2024-10-06,ILAMAD25,09:54:00,49.6 °F,43.3 °F,78 %,NNW,0.1 mph,3.0 mph,29.73 in,0.00 in,0.00 in,0.0,24.6 w/m²
2024-10-06,ILAMAD25,09:59:00,49.8 °F,43.3 °F,78 %,NW,0.5 mph,2.6 mph,29.73 in,0.00 in,0.00 in,0.0,26.2 w/m²
2024-10-06,ILAMAD25,10:04:00,49.8 °F,43.3 °F,78 %,NW,0.3 mph,3.4 mph,29.72 in,0.00 in,0.00 in,0.0,29.1 w/m²
2024-10-06,ILAMAD25,10:09:00,49.8 °F,43.3 °F,78 %,NNW,0.4 mph,3.4 mph,29.73 in,0.00 in,0.00 in,0.0,30 w/m²
2024-10-06,ILAMAD25,10:14:00,49.9 °F,43.5 °F,78 %,NW,0.6 mph,2.2 mph,29.73 in,0.00 in,0.00 in,0.0,30.7 w/m²
2024-10-06,ILAMAD25,10:19:00,50.1 °F,43.5 °F,78 %,NNW,0.4 mph,4.4 mph,29.72 in,0.00 in,0.00 in,0.0,38.1 w/m²
2024-10-06,ILAMAD25,10:24:00,50.4 °F,43.6 °F,78 %,NNW,0.2 mph,3.0 mph,29.71 in,0.00 in,0.00 in,0.0,39 w/m²
2024-10-06,ILAMAD25,10:29:00,50.5 °F,43.8 °F,78 %,NNW,0.8 mph,2.9 mph,29.71 in,0.00 in,0.00 in,0.0,41.9 w/m²
2024-10-06,ILAMAD25,10:34:00,51.0 °F,43.7 °F,76 %,NW,0.6 mph,4.2 mph,29.71 in,0.00 in,0.00 in,0.0,43.6 w/m²
2024-10-06,ILAMAD25,10:39:00,51.2 °F,44.0 °F,76 %,NW,0.2 mph,2.4 mph,29.71 in,0.00 in,0.00 in,0.0,46.8 w/m²
2024-10-06,ILAMAD25,10:44:00,51.7 °F,44.1 °F,75 %,NNW,0.6 mph,4.6 mph,29.71 in,0.00 in,0.00 in,0.0,45.6 w/m²
2024-10-06,ILAMAD25,10:49:00,52.1 °F,44.3 °F,75 %,NNW,0.6 mph,2.2 mph,29.70 in,0.00 in,0.00 in,0.0,42.7 w/m²
2024-10-06,ILAMAD25,10:54:00,52.2 °F,44.4 °F,75 %,NNW,0.8 mph,4.0 mph,29.70 in,0.00 in,0.00 in,0.0,41 w/m²
2024-10-06,ILAMAD25,10:59:00,52.4 °F,44.6 °F,75 %,NW,0.1 mph,3.0 mph,29.70 in,0.00 in,0.00 in,0.0,40 w/m²
2024-10-06,ILAMAD25,11:04:00,52.5 °F,44.7 °F,75 %,NNW,0.8 mph,3.4 mph,29.70 in,0.00 in,0.00 in,0.0,39.7 w/m²
2024-10-06,ILAMAD25,11:09:00,52.6 °F,44.6 °F,74 %,NNW,0.9 mph,5.7 mph,29.70 in,0.00 in,0.00 in,0.0,39.6 w/m²
2024-10-06,ILAMAD25,11:14:00,53.0 °F,44.9 °F,74 %,NNW,0.3 mph,3.4 mph,29.70 in,0.00 in,0.00 in,0.0,37 w/m²
2024-10-06,ILAMAD25,11:19:00,53.1 °F,44.9 °F,74 %,NW,0.9 mph,4.2 mph,29.70 in,0.00 in,0.00 in,0.0,28.8 w/m²
2024-10-06,ILAMAD25,11:24:00,53.1 °F,45.0 °F,74 %,NNW,1.1 mph,3.4 mph,29.69 in,0.00 in,0.00 in,0.0,26.8 w/m²
2024-10-06,ILAMAD25,11:29:00,53.0 °F,45.0 °F,74 %,NNW,0.9 mph,4.2 mph,29.69 in,0.00 in,0.00 in,0.0,28.6 w/m²
2024-10-06,ILAMAD25,11:34:00,53.3 °F,45.1 °F,74 %,NW,1.4 mph,5.5 mph,29.69 in,0.00 in,0.00 in,0.0,28.5 w/m²
2024-10-06,ILAMAD25,11:39:00,53.8 °F,45.3 °F,73 %,NW,1.4 mph,7.3 mph,29.69 in,0.00 in,0.00 in,0.0,28.2 w/m²
2024-10-06,ILAMAD25,11:44:00,54.1 °F,45.6 °F,73 %,NW,1.3 mph,5.4 mph,29.69 in,0.00 in,0.00 in,0.0,28.4 w/m²
2024-10-06,ILAMAD25,11:49:00,54.3 °F,45.5 °F,72 %,NW,2.0 mph,9.5 mph,29.69 in,0.00 in,0.00 in,0.0,28.5 w/m²
2024-10-06,ILAMAD25,11:54:00,54.5 °F,45.9 °F,73 %,NNW,0.9 mph,6.1 mph,29.69 in,0.00 in,0.00 in,0.0,29 w/m²
2024-10-06,ILAMAD25,11:59:00,55.0 °F,46.0 °F,72 %,NW,0.6 mph,3.2 mph,29.69 in,0.00 in,0.00 in,0.0,29.3 w/m²
2024-10-06,ILAMAD25,12:04:00,55.5 °F,46.2 °F,71 %,NW,0.8 mph,6.5 mph,29.69 in,0.00 in,0.00 in,0.0,28.7 w/m²
2024-10-06,ILAMAD25,12:09:00,55.5 °F,46.1 °F,70 %,NW,1.1 mph,3.4 mph,29.69 in,0.00 in,0.00 in,0.0,29 w/m²
2024-10-06,ILAMAD25,12:14:00,55.6 °F,46.0 °F,70 %,NW,1.4 mph,4.4 mph,29.69 in,0.00 in,0.00 in,0.0,28.9 w/m²
2024-10-06,ILAMAD25,12:19:00,56.2 °F,46.3 °F,69 %,NW,1.2 mph,5.1 mph,29.68 in,0.00 in,0.00 in,0.0,28.9 w/m²
2024-10-06,ILAMAD25,12:24:00,56.6 °F,46.6 °F,69 %,NW,1.1 mph,5.0 mph,29.68 in,0.00 in,0.00 in,0.0,29 w/m²
2024-10-06,ILAMAD25,12:29:00,56.8 °F,46.7 °F,69 %,NW,1.0 mph,5.9 mph,29.68 in,0.00 in,0.00 in,0.0,29.5 w/m²
2024-10-06,ILAMAD25,12:34:00,57.2 °F,46.8 °F,68 %,NW,0.9 mph,3.4 mph,29.68 in,0.00 in,0.00 in,0.0,29.3 w/m²
2024-10-06,ILAMAD25,12:39:00,57.5 °F,46.8 °F,68 %,NW,0.9 mph,3.4 mph,29.67 in,0.00 in,0.00 in,0.0,29.5 w/m²
2024-10-06,ILAMAD25,12:44:00,57.5 °F,46.8 °F,68 %,NW,1.8 mph,6.2 mph,29.67 in,0.00 in,0.00 in,0.0,30.3 w/m²
2024-10-06,ILAMAD25,12:49:00,57.7 °F,46.9 °F,68 %,NW,1.5 mph,5.9 mph,29.67 in,0.00 in,0.00 in,0.0,30.8 w/m²
2024-10-06,ILAMAD25,12:54:00,57.9 °F,47.0 °F,67 %,NW,1.2 mph,6.4 mph,29.67 in,0.00 in,0.00 in,0.0,31.4 w/m²
2024-10-06,ILAMAD25,12:59:00,58.2 °F,47.2 °F,67 %,NW,0.6 mph,4.6 mph,29.67 in,0.00 in,0.00 in,0.0,31.4 w/m²
2024-10-06,ILAMAD25,13:04:00,58.6 °F,47.4 °F,66 %,NW,1.4 mph,6.8 mph,29.66 in,0.00 in,0.00 in,0.0,32.9 w/m²
2024-10-06,ILAMAD25,13:09:00,59.0 °F,47.7 °F,66 %,NW,1.2 mph,4.6 mph,29.66 in,0.00 in,0.00 in,0.0,34.2 w/m²
2024-10-06,ILAMAD25,13:14:00,59.0 °F,47.6 °F,66 %,NNW,0.8 mph,4.6 mph,29.66 in,0.00 in,0.00 in,0.0,34.2 w/m²
2024-10-06,ILAMAD25,13:19:00,59.9 °F,47.9 °F,64 %,NW,1.5 mph,5.7 mph,29.66 in,0.00 in,0.00 in,0.0,35 w/m²
2024-10-06,ILAMAD25,13:24:00,60.4 °F,48.0 °F,64 %,NNW,1.0 mph,5.0 mph,29.66 in,0.00 in,0.00 in,0.0,36.5 w/m²
2024-10-06,ILAMAD25,13:29:00,60.8 °F,48.0 °F,63 %,NNW,0.8 mph,4.8 mph,29.65 in,0.00 in,0.00 in,0.0,39.5 w/m²
2024-10-06,ILAMAD25,13:34:00,60.7 °F,47.8 °F,63 %,NW,2.1 mph,9.1 mph,29.65 in,0.00 in,0.00 in,1.0,152.3 w/m²
2024-10-06,ILAMAD25,13:39:00,59.0 °F,46.4 °F,63 %,NW,1.2 mph,6.7 mph,29.65 in,0.00 in,0.00 in,3.0,395.4 w/m²
2024-10-06,ILAMAD25,13:44:00,59.4 °F,46.5 °F,62 %,NW,1.1 mph,3.4 mph,29.65 in,0.00 in,0.00 in,3.0,421 w/m²
2024-10-06,ILAMAD25,13:49:00,59.6 °F,46.7 °F,63 %,NNW,1.2 mph,6.1 mph,29.65 in,0.00 in,0.00 in,3.0,400.5 w/m²
2024-10-06,ILAMAD25,13:54:00,59.6 °F,47.0 °F,63 %,NW,2.3 mph,6.9 mph,29.65 in,0.00 in,0.00 in,3.0,407.3 w/m²
2024-10-06,ILAMAD25,13:59:00,58.2 °F,46.3 °F,65 %,NW,1.3 mph,5.9 mph,29.65 in,0.00 in,0.00 in,3.0,422.6 w/m²
2024-10-06,ILAMAD25,14:04:00,59.6 °F,47.2 °F,64 %,NW,2.0 mph,6.9 mph,29.64 in,0.00 in,0.00 in,2.0,336.7 w/m²
2024-10-06,ILAMAD25,14:09:00,58.2 °F,46.6 °F,65 %,NW,1.1 mph,5.7 mph,29.64 in,0.00 in,0.00 in,3.0,427.9 w/m²
2024-10-06,ILAMAD25,14:14:00,57.9 °F,46.3 °F,65 %,NW,1.4 mph,5.5 mph,29.64 in,0.00 in,0.00 in,3.0,418.3 w/m²
2024-10-06,ILAMAD25,14:19:00,58.7 °F,46.5 °F,64 %,NW,1.2 mph,5.3 mph,29.64 in,0.00 in,0.00 in,3.0,402.6 w/m²
2024-10-06,ILAMAD25,14:24:00,59.1 °F,46.4 °F,63 %,NW,2.6 mph,6.3 mph,29.64 in,0.00 in,0.00 in,3.0,385.2 w/m²
2024-10-06,ILAMAD25,14:29:00,59.7 °F,46.8 °F,62 %,NW,1.4 mph,4.0 mph,29.63 in,0.00 in,0.00 in,3.0,389.3 w/m²
2024-10-06,ILAMAD25,14:34:00,60.1 °F,46.4 °F,61 %,NW,2.6 mph,9.3 mph,29.63 in,0.00 in,0.00 in,3.0,384.7 w/m²
2024-10-06,ILAMAD25,14:39:00,59.9 °F,46.7 °F,62 %,NW,1.6 mph,6.5 mph,29.63 in,0.00 in,0.00 in,2.0,376.1 w/m²
2024-10-06,ILAMAD25,14:44:00,59.5 °F,46.5 °F,62 %,NW,2.0 mph,7.3 mph,29.63 in,0.00 in,0.00 in,3.0,389.2 w/m²
2024-10-06,ILAMAD25,14:49:00,59.9 °F,46.7 °F,62 %,NW,1.1 mph,5.7 mph,29.63 in,0.00 in,0.00 in,3.0,445.4 w/m²
2024-10-06,ILAMAD25,14:54:00,60.6 °F,47.1 °F,61 %,NW,2.1 mph,8.1 mph,29.63 in,0.00 in,0.00 in,3.0,442.2 w/m²
2024-10-06,ILAMAD25,14:59:00,59.9 °F,47.1 °F,63 %,NNW,1.9 mph,8.1 mph,29.62 in,0.00 in,0.00 in,3.0,433.2 w/m²
2024-10-06,ILAMAD25,15:04:00,59.9 °F,47.2 °F,63 %,NW,0.8 mph,4.6 mph,29.62 in,0.00 in,0.00 in,3.0,398.3 w/m²
2024-10-06,ILAMAD25,15:09:00,59.6 °F,46.5 °F,62 %,NW,1.9 mph,5.7 mph,29.62 in,0.00 in,0.00 in,2.0,365.9 w/m²
2024-10-06,ILAMAD25,15:14:00,59.8 °F,46.7 °F,62 %,NW,1.3 mph,6.5 mph,29.61 in,0.00 in,0.00 in,2.0,366.9 w/m²
2024-10-06,ILAMAD25,15:19:00,60.9 °F,47.5 °F,61 %,NW,2.4 mph,5.7 mph,29.62 in,0.00 in,0.00 in,2.0,377.8 w/m²
2024-10-06,ILAMAD25,15:24:00,60.7 °F,48.1 °F,63 %,NW,1.8 mph,5.9 mph,29.61 in,0.00 in,0.00 in,1.0,223.4 w/m²
2024-10-06,ILAMAD25,15:29:00,59.8 °F,47.7 °F,64 %,NNW,1.5 mph,4.6 mph,29.61 in,0.00 in,0.00 in,2.0,256.1 w/m²
2024-10-06,ILAMAD25,15:34:00,59.2 °F,46.9 °F,64 %,NW,1.8 mph,6.1 mph,29.61 in,0.00 in,0.00 in,3.0,420.7 w/m²
2024-10-06,ILAMAD25,15:39:00,60.5 °F,48.1 °F,64 %,NW,2.8 mph,5.5 mph,29.61 in,0.00 in,0.00 in,3.0,416.4 w/m²
2024-10-06,ILAMAD25,15:44:00,60.3 °F,48.7 °F,66 %,NNW,2.7 mph,8.9 mph,29.61 in,0.00 in,0.00 in,1.0,177.7 w/m²
2024-10-06,ILAMAD25,15:49:00,60.0 °F,48.8 °F,66 %,NW,0.6 mph,3.4 mph,29.61 in,0.00 in,0.00 in,1.0,118 w/m²
2024-10-06,ILAMAD25,15:54:00,59.9 °F,48.7 °F,67 %,NW,2.1 mph,8.3 mph,29.60 in,0.00 in,0.00 in,1.0,126.9 w/m²
2024-10-06,ILAMAD25,15:59:00,59.5 °F,48.6 °F,67 %,NW,1.9 mph,6.3 mph,29.60 in,0.00 in,0.00 in,0.0,79.5 w/m²
2024-10-06,ILAMAD25,16:04:00,59.3 °F,48.8 °F,68 %,NW,0.7 mph,4.0 mph,29.61 in,0.00 in,0.00 in,0.0,83.3 w/m²
2024-10-06,ILAMAD25,16:09:00,59.1 °F,49.1 °F,69 %,NNW,1.0 mph,6.5 mph,29.60 in,0.00 in,0.00 in,0.0,82.5 w/m²
2024-10-06,ILAMAD25,16:14:00,59.0 °F,49.0 °F,69 %,NW,1.4 mph,4.7 mph,29.60 in,0.00 in,0.00 in,0.0,73.7 w/m²
2024-10-06,ILAMAD25,16:19:00,58.7 °F,49.0 °F,70 %,NW,1.7 mph,6.5 mph,29.60 in,0.00 in,0.00 in,0.0,63.8 w/m²
2024-10-06,ILAMAD25,16:24:00,58.6 °F,49.0 °F,70 %,NW,1.1 mph,5.9 mph,29.60 in,0.00 in,0.00 in,0.0,42 w/m²
2024-10-06,ILAMAD25,16:29:00,58.4 °F,49.0 °F,71 %,NW,1.9 mph,7.6 mph,29.60 in,0.00 in,0.00 in,0.0,42.9 w/m²
2024-10-06,ILAMAD25,16:34:00,58.1 °F,48.8 °F,71 %,NNW,1.9 mph,8.6 mph,29.61 in,0.00 in,0.00 in,0.0,37.9 w/m²
2024-10-06,ILAMAD25,16:39:00,58.1 °F,49.4 °F,73 %,NW,0.8 mph,2.6 mph,29.60 in,0.00 in,0.00 in,0.0,37.5 w/m²
2024-10-06,ILAMAD25,16:44:00,57.8 °F,49.2 °F,73 %,NW,1.8 mph,7.3 mph,29.60 in,0.00 in,0.00 in,0.0,37.1 w/m²
2024-10-06,ILAMAD25,16:49:00,57.8 °F,49.4 °F,74 %,NW,1.3 mph,6.5 mph,29.61 in,0.00 in,0.00 in,0.0,30.1 w/m²
2024-10-06,ILAMAD25,16:54:00,57.5 °F,49.3 °F,74 %,NW,1.6 mph,4.8 mph,29.61 in,0.00 in,0.00 in,0.0,33.9 w/m²
2024-10-06,ILAMAD25,16:59:00,57.3 °F,49.3 °F,75 %,NW,1.9 mph,6.0 mph,29.61 in,0.00 in,0.00 in,0.0,33 w/m²
2024-10-06,ILAMAD25,17:04:00,56.9 °F,49.5 °F,76 %,NW,3.1 mph,8.3 mph,29.61 in,0.00 in,0.00 in,0.0,24.6 w/m²
2024-10-06,ILAMAD25,17:09:00,56.5 °F,49.9 °F,79 %,NW,2.1 mph,7.9 mph,29.60 in,0.00 in,0.00 in,0.0,26.4 w/m²
2024-10-06,ILAMAD25,17:14:00,56.1 °F,50.2 °F,80 %,NW,2.3 mph,7.5 mph,29.61 in,0.00 in,0.00 in,0.0,19.3 w/m²
2024-10-06,ILAMAD25,17:19:00,55.8 °F,50.4 °F,82 %,NW,0.6 mph,4.0 mph,29.61 in,0.00 in,0.00 in,0.0,24 w/m²
2024-10-06,ILAMAD25,17:24:00,55.8 °F,50.4 °F,82 %,NW,0.3 mph,3.9 mph,29.60 in,0.00 in,0.00 in,0.0,21.2 w/m²
2024-10-06,ILAMAD25,17:29:00,55.9 °F,50.4 °F,82 %,NW,0.5 mph,2.6 mph,29.60 in,0.00 in,0.00 in,0.0,14.7 w/m²
2024-10-06,ILAMAD25,17:34:00,55.9 °F,50.1 °F,81 %,NNW,0.3 mph,3.2 mph,29.60 in,0.00 in,0.00 in,0.0,27 w/m²
2024-10-06,ILAMAD25,17:39:00,56.0 °F,50.2 °F,81 %,NNW,0.4 mph,3.4 mph,29.60 in,0.00 in,0.00 in,0.0,29 w/m²
2024-10-06,ILAMAD25,17:44:00,56.1 °F,50.1 °F,80 %,NW,1.2 mph,5.5 mph,29.60 in,0.00 in,0.00 in,0.0,19.3 w/m²
2024-10-06,ILAMAD25,17:49:00,56.1 °F,50.2 °F,81 %,NNW,0.6 mph,3.8 mph,29.60 in,0.00 in,0.00 in,0.0,16.5 w/m²
2024-10-06,ILAMAD25,17:54:00,55.9 °F,50.2 °F,81 %,NW,1.0 mph,4.5 mph,29.60 in,0.00 in,0.00 in,0.0,14.4 w/m²
2024-10-06,ILAMAD25,17:59:00,55.9 °F,50.2 °F,81 %,NNW,0.1 mph,4.2 mph,29.60 in,0.00 in,0.00 in,0.0,11.3 w/m²
2024-10-06,ILAMAD25,18:04:00,55.9 °F,50.2 °F,81 %,NW,0.2 mph,3.4 mph,29.60 in,0.00 in,0.00 in,0.0,8.9 w/m²
2024-10-06,ILAMAD25,18:09:00,55.9 °F,50.5 °F,82 %,NW,0.4 mph,2.4 mph,29.60 in,0.00 in,0.00 in,0.0,8.6 w/m²
2024-10-06,ILAMAD25,18:14:00,55.7 °F,50.5 °F,83 %,NW,1.6 mph,6.3 mph,29.60 in,0.00 in,0.00 in,0.0,9.1 w/m²
2024-10-06,ILAMAD25,18:19:00,55.5 °F,50.6 °F,84 %,NW,0.6 mph,4.4 mph,29.59 in,0.00 in,0.00 in,0.0,6.6 w/m²
2024-10-06,ILAMAD25,18:24:00,55.4 °F,50.8 °F,85 %,NW,0.7 mph,4.9 mph,29.59 in,0.00 in,0.00 in,0.0,6.6 w/m²
2024-10-06,ILAMAD25,18:29:00,55.2 °F,50.7 °F,85 %,NW,1.1 mph,3.8 mph,29.59 in,0.00 in,0.00 in,0.0,5.5 w/m²
2024-10-06,ILAMAD25,18:34:00,55.2 °F,51.0 °F,86 %,NW,0.5 mph,4.2 mph,29.59 in,0.00 in,0.00 in,0.0,5.2 w/m²
2024-10-06,ILAMAD25,18:39:00,55.0 °F,50.9 °F,86 %,NW,0.4 mph,1.9 mph,29.59 in,0.00 in,0.00 in,0.0,5 w/m²
2024-10-06,ILAMAD25,18:44:00,55.0 °F,51.2 °F,87 %,NNW,0.1 mph,3.4 mph,29.59 in,0.00 in,0.00 in,0.0,3.7 w/m²
2024-10-06,ILAMAD25,18:49:00,55.0 °F,51.3 °F,87 %,NW,0.3 mph,3.4 mph,29.59 in,0.00 in,0.00 in,0.0,3 w/m²
2024-10-06,ILAMAD25,18:54:00,55.0 °F,51.3 °F,87 %,NW,0.2 mph,2.8 mph,29.59 in,0.00 in,0.00 in,0.0,2.2 w/m²
2024-10-06,ILAMAD25,18:59:00,55.1 °F,51.3 °F,87 %,NW,0.6 mph,4.8 mph,29.59 in,0.00 in,0.00 in,0.0,1.5 w/m²
2024-10-06,ILAMAD25,19:04:00,55.0 °F,51.4 °F,88 %,NW,1.3 mph,3.4 mph,29.59 in,0.00 in,0.00 in,0.0,1.1 w/m²
2024-10-06,ILAMAD25,19:09:00,55.0 °F,51.8 °F,89 %,NW,0.7 mph,3.4 mph,29.59 in,0.00 in,0.00 in,0.0,0.9 w/m²
2024-10-06,ILAMAD25,19:14:00,54.9 °F,51.9 °F,90 %,NW,0.2 mph,3.4 mph,29.59 in,0.00 in,0.00 in,0.0,0.7 w/m²
2024-10-06,ILAMAD25,19:19:00,54.9 °F,52.1 °F,90 %,NW,0.2 mph,2.2 mph,29.59 in,0.00 in,0.00 in,0.0,0.5 w/m²
2024-10-06,ILAMAD25,19:24:00,54.8 °F,52.3 °F,91 %,NW,0.3 mph,3.6 mph,29.59 in,0.00 in,0.00 in,0.0,0.2 w/m²
2024-10-06,ILAMAD25,19:29:00,54.7 °F,52.3 °F,91 %,NW,0.0 mph,1.4 mph,29.58 in,0.00 in,0.00 in,0.0,0.1 w/m²
2024-10-06,ILAMAD25,19:34:00,54.7 °F,52.5 °F,92 %,NW,0.3 mph,3.2 mph,29.58 in,0.00 in,0.00 in,0.0,0.1 w/m²
2024-10-06,ILAMAD25,19:39:00,54.7 °F,52.5 °F,92 %,NW,0.2 mph,0.4 mph,29.58 in,0.00 in,0.00 in,0.0,0 w/m²
2024-10-06,ILAMAD25,19:44:00,54.9 °F,52.7 °F,92 %,NW,0.3 mph,2.9 mph,29.59 in,0.00 in,0.00 in,0.0,0 w/m²
2024-10-06,ILAMAD25,19:49:00,54.9 °F,52.7 °F,92 %,NNW,0.7 mph,4.6 mph,29.58 in,0.00 in,0.00 in,0.0,0 w/m²
2024-10-06,ILAMAD25,19:54:00,54.9 °F,52.7 °F,92 %,NW,0.2 mph,3.4 mph,29.58 in,0.00 in,0.00 in,0.0,0 w/m²
2024-10-06,ILAMAD25,19:59:00,54.9 °F,52.8 °F,92 %,NW,0.1 mph,2.2 mph,29.59 in,0.00 in,0.00 in,0.0,0 w/m²
2024-10-06,ILAMAD25,20:04:00,55.0 °F,53.0 °F,93 %,NW,0.3 mph,2.4 mph,29.58 in,0.00 in,0.00 in,0.0,0 w/m²
2024-10-06,ILAMAD25,20:09:00,55.0 °F,53.1 °F,93 %,NNW,0.0 mph,1.9 mph,29.58 in,0.00 in,0.00 in,0.0,0 w/m²
2024-10-06,ILAMAD25,20:14:00,55.1 °F,53.1 °F,93 %,NW,0.6 mph,2.6 mph,29.57 in,0.00 in,0.00 in,0.0,0 w/m²
2024-10-06,ILAMAD25,20:19:00,55.2 °F,53.2 °F,93 %,NW,0.1 mph,2.4 mph,29.57 in,0.00 in,0.00 in,0.0,0 w/m²
2024-10-06,ILAMAD25,20:24:00,55.2 °F,53.2 °F,93 %,NW,0.4 mph,2.8 mph,29.57 in,0.00 in,0.00 in,0.0,0 w/m²
2024-10-06,ILAMAD25,20:29:00,55.3 °F,53.3 °F,93 %,NW,0.2 mph,3.2 mph,29.57 in,0.00 in,0.00 in,0.0,0 w/m²
2024-10-06,ILAMAD25,20:34:00,55.4 °F,53.4 °F,93 %,NW,0.2 mph,2.6 mph,29.57 in,0.00 in,0.00 in,0.0,0 w/m²
2024-10-06,ILAMAD25,20:39:00,55.4 °F,53.4 °F,93 %,NW,0.2 mph,1.7 mph,29.57 in,0.00 in,0.00 in,0.0,0 w/m²
2024-10-06,ILAMAD25,20:44:00,55.5 °F,53.4 °F,93 %,NW,0.2 mph,3.4 mph,29.58 in,0.00 in,0.00 in,0.0,0 w/m²
2024-10-06,ILAMAD25,20:49:00,55.6 °F,53.4 °F,92 %,WNW,0.2 mph,2.6 mph,29.57 in,0.00 in,0.00 in,0.0,0 w/m²
2024-10-06,ILAMAD25,20:54:00,55.6 °F,53.4 °F,92 %,WNW,0.8 mph,4.7 mph,29.57 in,0.00 in,0.00 in,0.0,0 w/m²
2024-10-06,ILAMAD25,20:59:00,55.8 °F,53.6 °F,92 %,NW,0.2 mph,0.6 mph,29.57 in,0.00 in,0.00 in,0.0,0 w/m²
2024-10-06,ILAMAD25,21:04:00,55.8 °F,53.6 °F,92 %,NNW,0.1 mph,2.6 mph,29.58 in,0.00 in,0.00 in,0.0,0 w/m²
2024-10-06,ILAMAD25,21:09:00,55.9 °F,53.7 °F,92 %,NW,0.1 mph,2.2 mph,29.57 in,0.00 in,0.00 in,0.0,0 w/m²
2024-10-06,ILAMAD25,21:14:00,55.9 °F,53.8 °F,92 %,NNW,0.0 mph,0.0 mph,29.57 in,0.00 in,0.00 in,0.0,0 w/m²
2024-10-06,ILAMAD25,21:19:00,55.9 °F,53.8 °F,92 %,NW,0.2 mph,1.7 mph,29.57 in,0.00 in,0.00 in,0.0,0 w/m²
2024-10-06,ILAMAD25,21:24:00,56.0 °F,53.9 °F,92 %,NW,0.7 mph,3.4 mph,29.57 in,0.00 in,0.00 in,0.0,0 w/m²
2024-10-06,ILAMAD25,21:29:00,56.1 °F,54.0 °F,92 %,NNW,0.1 mph,2.8 mph,29.57 in,0.00 in,0.00 in,0.0,0 w/m²
2024-10-06,ILAMAD25,21:34:00,56.1 °F,54.0 °F,92 %,NW,0.2 mph,1.4 mph,29.56 in,0.00 in,0.00 in,0.0,0 w/m²
2024-10-06,ILAMAD25,21:39:00,56.3 °F,54.1 °F,92 %,NW,0.7 mph,3.2 mph,29.56 in,0.00 in,0.00 in,0.0,0 w/m²
2024-10-06,ILAMAD25,21:44:00,56.3 °F,54.1 °F,92 %,NW,0.1 mph,1.8 mph,29.56 in,0.00 in,0.00 in,0.0,0 w/m²
2024-10-06,ILAMAD25,21:49:00,56.3 °F,54.1 °F,92 %,NW,0.1 mph,1.9 mph,29.56 in,0.00 in,0.00 in,0.0,0 w/m²
2024-10-06,ILAMAD25,21:54:00,56.3 °F,54.1 °F,92 %,NNW,0.1 mph,1.4 mph,29.55 in,0.00 in,0.00 in,0.0,0 w/m²
2024-10-06,ILAMAD25,21:59:00,56.4 °F,54.2 °F,92 %,NW,0.3 mph,4.0 mph,29.55 in,0.00 in,0.00 in,0.0,0 w/m²
2024-10-06,ILAMAD25,22:04:00,56.5 °F,54.3 °F,92 %,NNW,0.1 mph,2.6 mph,29.55 in,0.00 in,0.00 in,0.0,0 w/m²
2024-10-06,ILAMAD25,22:09:00,56.5 °F,54.3 °F,92 %,NW,0.2 mph,3.4 mph,29.55 in,0.00 in,0.00 in,0.0,0 w/m²
2024-10-06,ILAMAD25,22:14:00,56.7 °F,54.5 °F,92 %,NW,0.5 mph,2.8 mph,29.55 in,0.00 in,0.00 in,0.0,0 w/m²
2024-10-06,ILAMAD25,22:19:00,56.7 °F,54.5 °F,92 %,NNW,0.2 mph,2.8 mph,29.55 in,0.00 in,0.00 in,0.0,0 w/m²
2024-10-06,ILAMAD25,22:24:00,56.7 °F,54.5 °F,92 %,NNW,0.5 mph,4.6 mph,29.55 in,0.05 in,0.01 in,0.0,0 w/m²
2024-10-06,ILAMAD25,22:29:00,56.8 °F,54.8 °F,93 %,NNW,0.4 mph,1.8 mph,29.55 in,0.05 in,0.01 in,0.0,0 w/m²
2024-10-06,ILAMAD25,22:34:00,56.8 °F,54.9 °F,93 %,NW,0.3 mph,3.8 mph,29.55 in,0.05 in,0.01 in,0.0,0 w/m²
2024-10-06,ILAMAD25,22:39:00,56.8 °F,54.9 °F,93 %,NNW,0.4 mph,3.2 mph,29.55 in,0.00 in,0.01 in,0.0,0 w/m²
2024-10-06,ILAMAD25,22:44:00,56.8 °F,54.9 °F,93 %,NW,0.4 mph,3.4 mph,29.55 in,0.00 in,0.01 in,0.0,0 w/m²
2024-10-06,ILAMAD25,22:49:00,56.8 °F,54.9 °F,93 %,NW,0.7 mph,5.0 mph,29.55 in,0.00 in,0.01 in,0.0,0 w/m²
2024-10-06,ILAMAD25,22:54:00,56.8 °F,55.0 °F,94 %,NW,0.3 mph,3.4 mph,29.54 in,0.00 in,0.01 in,0.0,0 w/m²
2024-10-06,ILAMAD25,22:59:00,56.9 °F,55.1 °F,94 %,NW,0.4 mph,5.0 mph,29.55 in,0.00 in,0.01 in,0.0,0 w/m²
2024-10-06,ILAMAD25,23:04:00,57.0 °F,55.2 °F,94 %,NW,0.3 mph,2.8 mph,29.54 in,0.00 in,0.01 in,0.0,0 w/m²
2024-10-06,ILAMAD25,23:09:00,57.2 °F,55.4 °F,94 %,NW,1.0 mph,5.0 mph,29.54 in,0.00 in,0.01 in,0.0,0 w/m²
2024-10-06,ILAMAD25,23:14:00,57.4 °F,55.6 °F,94 %,NW,0.7 mph,4.2 mph,29.54 in,0.00 in,0.01 in,0.0,0 w/m²
2024-10-06,ILAMAD25,23:19:00,57.5 °F,55.7 °F,94 %,WNW,0.7 mph,3.4 mph,29.54 in,0.00 in,0.01 in,0.0,0 w/m²
2024-10-06,ILAMAD25,23:24:00,57.6 °F,55.8 °F,94 %,NW,0.3 mph,2.8 mph,29.54 in,0.00 in,0.01 in,0.0,0 w/m²
2024-10-06,ILAMAD25,23:29:00,57.6 °F,55.8 °F,94 %,NW,0.1 mph,1.9 mph,29.54 in,0.00 in,0.01 in,0.0,0 w/m²
2024-10-06,ILAMAD25,23:34:00,57.7 °F,55.9 °F,94 %,NNW,0.6 mph,2.8 mph,29.54 in,0.00 in,0.01 in,0.0,0 w/m²
2024-10-06,ILAMAD25,23:39:00,57.7 °F,55.9 °F,94 %,NNW,0.3 mph,3.4 mph,29.54 in,0.00 in,0.01 in,0.0,0 w/m²
2024-10-06,ILAMAD25,23:44:00,57.9 °F,56.1 °F,94 %,NW,0.4 mph,3.4 mph,29.54 in,0.00 in,0.01 in,0.0,0 w/m²
2024-10-06,ILAMAD25,23:49:00,57.9 °F,56.1 °F,94 %,NNW,0.6 mph,4.7 mph,29.54 in,0.00 in,0.01 in,0.0,0 w/m²
2024-10-06,ILAMAD25,23:54:00,58.1 °F,56.3 °F,94 %,NNW,0.1 mph,2.2 mph,29.54 in,0.00 in,0.01 in,0.0,0 w/m²
2024-10-06,ILAMAD25,23:59:00,58.1 °F,56.3 °F,94 %,NNW,0.3 mph,2.8 mph,29.54 in,0.00 in,0.01 in,0.0,0 w/m²
2024-10-07,ILAMAD25,,,,,,,,,,,,
2024-10-07,ILAMAD25,00:04:00,58.2 °F,56.4 °F,94 %,NW,0.5 mph,3.4 mph,29.54 in,0.00 in,0.01 in,0.0,0 w/m²
2024-10-07,ILAMAD25,00:09:00,58.3 °F,56.4 °F,93 %,NW,0.3 mph,3.4 mph,29.54 in,0.00 in,0.01 in,0.0,0 w/m²
2024-10-07,ILAMAD25,00:14:00,58.4 °F,56.4 °F,93 %,NW,0.9 mph,4.7 mph,29.54 in,0.00 in,0.01 in,0.0,0 w/m²
2024-10-07,ILAMAD25,00:19:00,58.5 °F,56.5 °F,93 %,NNW,0.2 mph,4.2 mph,29.53 in,0.00 in,0.01 in,0.0,0 w/m²
2024-10-07,ILAMAD25,00:24:00,58.5 °F,56.5 °F,93 %,NW,0.3 mph,3.2 mph,29.53 in,0.00 in,0.01 in,0.0,0 w/m²
2024-10-07,ILAMAD25,00:29:00,58.6 °F,56.6 °F,93 %,NW,0.1 mph,0.6 mph,29.53 in,0.00 in,0.01 in,0.0,0 w/m²
2024-10-07,ILAMAD25,00:34:00,58.6 °F,56.7 °F,93 %,NW,0.4 mph,3.4 mph,29.53 in,0.00 in,0.01 in,0.0,0 w/m²
2024-10-07,ILAMAD25,00:39:00,58.7 °F,56.7 °F,93 %,NNW,0.4 mph,2.8 mph,29.53 in,0.00 in,0.01 in,0.0,0 w/m²
2024-10-07,ILAMAD25,00:44:00,58.8 °F,56.8 °F,93 %,NNW,0.8 mph,4.4 mph,29.53 in,0.00 in,0.01 in,0.0,0 w/m²
2024-10-07,ILAMAD25,00:49:00,59.0 °F,57.0 °F,93 %,NW,1.1 mph,7.1 mph,29.53 in,0.00 in,0.01 in,0.0,0 w/m²
2024-10-07,ILAMAD25,00:54:00,59.2 °F,57.0 °F,93 %,NW,1.2 mph,6.2 mph,29.52 in,0.00 in,0.01 in,0.0,0 w/m²
2024-10-07,ILAMAD25,00:59:00,59.2 °F,56.9 °F,92 %,NW,1.0 mph,4.6 mph,29.52 in,0.00 in,0.01 in,0.0,0 w/m²
2024-10-07,ILAMAD25,01:04:00,59.4 °F,57.0 °F,92 %,NNW,1.5 mph,5.7 mph,29.52 in,0.00 in,0.01 in,0.0,0 w/m²
2024-10-07,ILAMAD25,01:09:00,59.4 °F,57.0 °F,92 %,NNW,0.9 mph,3.6 mph,29.52 in,0.00 in,0.01 in,0.0,0 w/m²
2024-10-07,ILAMAD25,01:14:00,59.4 °F,57.1 °F,92 %,NW,1.7 mph,5.0 mph,29.52 in,0.00 in,0.01 in,0.0,0 w/m²
2024-10-07,ILAMAD25,01:19:00,59.5 °F,57.1 °F,91 %,NW,1.5 mph,6.3 mph,29.52 in,0.00 in,0.01 in,0.0,0 w/m²
2024-10-07,ILAMAD25,01:24:00,59.5 °F,57.0 °F,91 %,WNW,1.5 mph,5.0 mph,29.52 in,0.00 in,0.01 in,0.0,0 w/m²
2024-10-07,ILAMAD25,01:29:00,59.5 °F,57.0 °F,91 %,NW,2.6 mph,7.3 mph,29.52 in,0.00 in,0.01 in,0.0,0 w/m²
2024-10-07,ILAMAD25,01:34:00,59.7 °F,57.0 °F,91 %,WNW,2.3 mph,8.1 mph,29.52 in,0.00 in,0.01 in,0.0,0 w/m²
2024-10-07,ILAMAD25,01:39:00,59.6 °F,56.8 °F,90 %,WNW,2.3 mph,6.1 mph,29.52 in,0.00 in,0.01 in,0.0,0 w/m²
2024-10-07,ILAMAD25,01:44:00,59.7 °F,56.8 °F,90 %,WNW,2.2 mph,6.1 mph,29.52 in,0.00 in,0.01 in,0.0,0 w/m²
2024-10-07,ILAMAD25,01:49:00,59.5 °F,56.7 °F,90 %,NW,2.3 mph,7.8 mph,29.53 in,0.00 in,0.01 in,0.0,0 w/m²
2024-10-07,ILAMAD25,01:54:00,59.5 °F,56.7 °F,90 %,NW,0.9 mph,5.7 mph,29.52 in,0.00 in,0.01 in,0.0,0 w/m²
2024-10-07,ILAMAD25,01:59:00,59.5 °F,56.8 °F,90 %,NW,2.0 mph,5.3 mph,29.53 in,0.00 in,0.01 in,0.0,0 w/m²
2024-10-07,ILAMAD25,02:04:00,59.5 °F,56.9 °F,91 %,NW,2.4 mph,7.1 mph,29.53 in,0.00 in,0.01 in,0.0,0 w/m²
2024-10-07,ILAMAD25,02:09:00,59.4 °F,56.9 °F,91 %,NW,2.2 mph,7.9 mph,29.54 in,0.00 in,0.01 in,0.0,0 w/m²
2024-10-07,ILAMAD25,02:14:00,59.4 °F,56.8 °F,91 %,NW,2.6 mph,6.9 mph,29.54 in,0.00 in,0.01 in,0.0,0 w/m²
2024-10-07,ILAMAD25,02:19:00,59.4 °F,56.8 °F,91 %,NNW,0.7 mph,3.6 mph,29.54 in,0.00 in,0.01 in,0.0,0 w/m²
2024-10-07,ILAMAD25,02:24:00,59.4 °F,56.8 °F,91 %,WNW,1.1 mph,3.4 mph,29.55 in,0.00 in,0.01 in,0.0,0 w/m²
2024-10-07,ILAMAD25,02:29:00,59.4 °F,56.8 °F,91 %,NNW,0.7 mph,3.4 mph,29.55 in,0.00 in,0.01 in,0.0,0 w/m²
2024-10-07,ILAMAD25,02:34:00,59.3 °F,56.8 °F,91 %,NNW,0.7 mph,3.4 mph,29.55 in,0.00 in,0.01 in,0.0,0 w/m²
2024-10-07,ILAMAD25,02:39:00,59.2 °F,56.7 °F,91 %,WNW,1.1 mph,4.6 mph,29.55 in,0.00 in,0.01 in,0.0,0 w/m²
2024-10-07,ILAMAD25,02:44:00,59.1 °F,56.6 °F,91 %,NW,0.7 mph,3.8 mph,29.55 in,0.00 in,0.01 in,0.0,0 w/m²
2024-10-07,ILAMAD25,02:49:00,59.0 °F,56.5 °F,91 %,WNW,1.3 mph,5.1 mph,29.55 in,0.00 in,0.01 in,0.0,0 w/m²
2024-10-07,ILAMAD25,02:54:00,58.8 °F,55.8 °F,90 %,NNW,2.9 mph,6.9 mph,29.55 in,0.00 in,0.01 in,0.0,0 w/m²
2024-10-07,ILAMAD25,02:59:00,58.8 °F,55.0 °F,87 %,NNW,3.1 mph,8.1 mph,29.55 in,0.00 in,0.01 in,0.0,0 w/m²
2024-10-07,ILAMAD25,03:04:00,58.8 °F,54.6 °F,86 %,NNW,2.1 mph,5.9 mph,29.56 in,0.00 in,0.01 in,0.0,0 w/m²
2024-10-07,ILAMAD25,03:09:00,58.7 °F,54.2 °F,85 %,NNW,1.1 mph,6.1 mph,29.55 in,0.00 in,0.01 in,0.0,0 w/m²
2024-10-07,ILAMAD25,03:14:00,58.6 °F,53.9 °F,84 %,NW,2.1 mph,6.5 mph,29.56 in,0.00 in,0.01 in,0.0,0 w/m²
2024-10-07,ILAMAD25,03:19:00,58.7 °F,53.8 °F,84 %,NNW,2.8 mph,6.9 mph,29.55 in,0.00 in,0.01 in,0.0,0 w/m²
2024-10-07,ILAMAD25,03:24:00,58.8 °F,53.6 °F,83 %,NW,2.6 mph,8.4 mph,29.56 in,0.00 in,0.01 in,0.0,0 w/m²
2024-10-07,ILAMAD25,03:29:00,58.6 °F,53.5 °F,83 %,NNW,1.5 mph,5.9 mph,29.56 in,0.00 in,0.01 in,0.0,0 w/m²
2024-10-07,ILAMAD25,03:34:00,58.5 °F,53.6 °F,84 %,NNW,0.8 mph,4.6 mph,29.57 in,0.00 in,0.01 in,0.0,0 w/m²
2024-10-07,ILAMAD25,03:39:00,58.5 °F,53.6 °F,84 %,NW,1.3 mph,5.7 mph,29.57 in,0.00 in,0.01 in,0.0,0 w/m²
2024-10-07,ILAMAD25,03:44:00,58.5 °F,54.0 °F,85 %,NW,2.3 mph,6.1 mph,29.57 in,0.00 in,0.01 in,0.0,0 w/m²
2024-10-07,ILAMAD25,03:49:00,58.4 °F,53.9 °F,85 %,NW,2.0 mph,8.1 mph,29.57 in,0.00 in,0.01 in,0.0,0 w/m²
2024-10-07,ILAMAD25,03:54:00,58.3 °F,53.8 °F,85 %,WNW,1.6 mph,6.9 mph,29.57 in,0.00 in,0.01 in,0.0,0 w/m²
2024-10-07,ILAMAD25,03:59:00,58.1 °F,53.6 °F,85 %,NW,2.1 mph,6.3 mph,29.57 in,0.00 in,0.01 in,0.0,0 w/m²
2024-10-07,ILAMAD25,04:04:00,58.0 °F,53.5 °F,85 %,NW,1.5 mph,6.3 mph,29.57 in,0.00 in,0.01 in,0.0,0 w/m²
2024-10-07,ILAMAD25,04:09:00,57.9 °F,53.4 °F,85 %,NNW,1.7 mph,5.5 mph,29.57 in,0.00 in,0.01 in,0.0,0 w/m²
2024-10-07,ILAMAD25,04:14:00,57.9 °F,53.4 °F,85 %,NNW,2.3 mph,6.9 mph,29.57 in,0.00 in,0.01 in,0.0,0 w/m²
2024-10-07,ILAMAD25,04:19:00,57.8 °F,53.3 °F,85 %,NW,1.2 mph,3.8 mph,29.57 in,0.00 in,0.01 in,0.0,0 w/m²
2024-10-07,ILAMAD25,04:24:00,57.7 °F,53.1 °F,85 %,West,2.9 mph,9.9 mph,29.58 in,0.00 in,0.01 in,0.0,0 w/m²
2024-10-07,ILAMAD25,04:29:00,57.7 °F,53.1 °F,85 %,NNW,1.0 mph,5.3 mph,29.57 in,0.00 in,0.01 in,0.0,0 w/m²
2024-10-07,ILAMAD25,04:34:00,57.7 °F,53.2 °F,85 %,West,1.9 mph,6.1 mph,29.58 in,0.00 in,0.01 in,0.0,0 w/m²
2024-10-07,ILAMAD25,04:39:00,57.6 °F,53.1 °F,85 %,NNW,0.8 mph,3.4 mph,29.58 in,0.00 in,0.01 in,0.0,0 w/m²
2024-10-07,ILAMAD25,04:44:00,57.4 °F,52.9 °F,85 %,NW,1.3 mph,5.5 mph,29.58 in,0.00 in,0.01 in,0.0,0 w/m²
2024-10-07,ILAMAD25,04:49:00,57.2 °F,52.7 °F,85 %,WNW,1.2 mph,6.1 mph,29.58 in,0.00 in,0.01 in,0.0,0 w/m²
2024-10-07,ILAMAD25,04:54:00,57.1 °F,52.7 °F,85 %,NNW,0.6 mph,5.0 mph,29.57 in,0.00 in,0.01 in,0.0,0 w/m²
2024-10-07,ILAMAD25,04:59:00,56.9 °F,52.8 °F,86 %,NW,1.2 mph,4.2 mph,29.57 in,0.00 in,0.01 in,0.0,0 w/m²
2024-10-07,ILAMAD25,05:04:00,56.8 °F,52.7 °F,86 %,West,1.3 mph,4.9 mph,29.58 in,0.00 in,0.01 in,0.0,0 w/m²
2024-10-07,ILAMAD25,05:09:00,56.7 °F,52.6 °F,86 %,NW,1.3 mph,6.3 mph,29.57 in,0.00 in,0.01 in,0.0,0 w/m²
2024-10-07,ILAMAD25,05:14:00,56.6 °F,52.4 °F,86 %,WNW,0.9 mph,5.7 mph,29.58 in,0.00 in,0.01 in,0.0,0 w/m²
2024-10-07,ILAMAD25,05:19:00,56.4 °F,52.3 °F,86 %,NW,0.4 mph,2.8 mph,29.57 in,0.00 in,0.01 in,0.0,0 w/m²
2024-10-07,ILAMAD25,05:24:00,56.3 °F,52.2 °F,86 %,NW,1.0 mph,4.2 mph,29.57 in,0.00 in,0.01 in,0.0,0 w/m²
2024-10-07,ILAMAD25,05:29:00,56.1 °F,52.0 °F,86 %,NW,1.5 mph,4.8 mph,29.57 in,0.00 in,0.01 in,0.0,0 w/m²
2024-10-07,ILAMAD25,05:34:00,56.1 °F,52.0 °F,86 %,NNW,0.9 mph,4.4 mph,29.57 in,0.00 in,0.01 in,0.0,0 w/m²
2024-10-07,ILAMAD25,05:39:00,56.1 °F,52.0 °F,86 %,NW,0.4 mph,4.0 mph,29.58 in,0.00 in,0.01 in,0.0,0 w/m²
2024-10-07,ILAMAD25,05:44:00,55.9 °F,51.8 °F,86 %,NW,0.3 mph,3.2 mph,29.58 in,0.00 in,0.01 in,0.0,0 w/m²
2024-10-07,ILAMAD25,05:49:00,55.8 °F,51.6 °F,86 %,NW,0.4 mph,3.4 mph,29.59 in,0.00 in,0.01 in,0.0,0 w/m²
2024-10-07,ILAMAD25,05:54:00,55.8 °F,51.6 °F,86 %,NW,0.8 mph,3.4 mph,29.59 in,0.00 in,0.01 in,0.0,0 w/m²
2024-10-07,ILAMAD25,05:59:00,55.8 °F,51.6 °F,86 %,NW,1.2 mph,5.9 mph,29.59 in,0.00 in,0.01 in,0.0,0 w/m²
2024-10-07,ILAMAD25,06:04:00,55.9 °F,51.8 °F,86 %,NNW,0.9 mph,4.6 mph,29.59 in,0.00 in,0.01 in,0.0,0 w/m²
2024-10-07,ILAMAD25,06:09:00,55.9 °F,51.8 °F,86 %,NW,1.0 mph,4.4 mph,29.59 in,0.00 in,0.01 in,0.0,0 w/m²
2024-10-07,ILAMAD25,06:14:00,55.9 °F,51.4 °F,85 %,WNW,1.8 mph,8.2 mph,29.59 in,0.00 in,0.01 in,0.0,0 w/m²
2024-10-07,ILAMAD25,06:19:00,55.9 °F,51.5 °F,86 %,WNW,1.0 mph,5.9 mph,29.59 in,0.00 in,0.01 in,0.0,0 w/m²
2024-10-07,ILAMAD25,06:24:00,55.8 °F,51.6 °F,86 %,NNW,0.7 mph,4.7 mph,29.59 in,0.00 in,0.01 in,0.0,0 w/m²
2024-10-07,ILAMAD25,06:29:00,55.6 °F,51.4 °F,86 %,NW,1.3 mph,5.7 mph,29.59 in,0.00 in,0.01 in,0.0,0 w/m²
2024-10-07,ILAMAD25,06:34:00,55.6 °F,51.4 °F,86 %,NW,1.1 mph,6.1 mph,29.59 in,0.00 in,0.01 in,0.0,0 w/m²
2024-10-07,ILAMAD25,06:39:00,55.4 °F,51.6 °F,87 %,NW,0.1 mph,2.8 mph,29.59 in,0.00 in,0.01 in,0.0,0 w/m²
2024-10-07,ILAMAD25,06:44:00,55.2 °F,51.4 °F,87 %,WNW,1.0 mph,3.2 mph,29.58 in,0.00 in,0.01 in,0.0,0 w/m²
2024-10-07,ILAMAD25,06:49:00,55.1 °F,51.3 °F,87 %,WNW,1.0 mph,4.4 mph,29.59 in,0.00 in,0.01 in,0.0,0 w/m²
2024-10-07,ILAMAD25,06:54:00,55.0 °F,51.3 °F,87 %,NW,1.3 mph,5.0 mph,29.59 in,0.00 in,0.01 in,0.0,0 w/m²
2024-10-07,ILAMAD25,06:59:00,54.9 °F,51.2 °F,87 %,NW,0.8 mph,4.2 mph,29.59 in,0.00 in,0.01 in,0.0,0 w/m²
2024-10-07,ILAMAD25,07:04:00,54.8 °F,51.0 °F,87 %,NNW,0.7 mph,3.8 mph,29.59 in,0.00 in,0.01 in,0.0,0 w/m²
2024-10-07,ILAMAD25,07:09:00,54.7 °F,51.0 °F,88 %,NW,0.3 mph,4.4 mph,29.59 in,0.00 in,0.01 in,0.0,0 w/m²
2024-10-07,ILAMAD25,07:14:00,54.5 °F,50.9 °F,88 %,NW,0.5 mph,4.4 mph,29.60 in,0.00 in,0.01 in,0.0,0 w/m²
2024-10-07,ILAMAD25,07:19:00,54.5 °F,50.9 °F,88 %,NW,0.6 mph,3.4 mph,29.60 in,0.00 in,0.01 in,0.0,0 w/m²
2024-10-07,ILAMAD25,07:24:00,54.4 °F,50.8 °F,88 %,NW,0.3 mph,4.6 mph,29.60 in,0.00 in,0.01 in,0.0,0 w/m²
2024-10-07,ILAMAD25,07:29:00,54.1 °F,50.5 °F,88 %,NW,0.3 mph,2.6 mph,29.60 in,0.00 in,0.01 in,0.0,0 w/m²
2024-10-07,ILAMAD25,07:34:00,54.1 °F,50.5 °F,88 %,WNW,0.5 mph,3.6 mph,29.60 in,0.00 in,0.01 in,0.0,0.1 w/m²
2024-10-07,ILAMAD25,07:39:00,54.1 °F,50.5 °F,88 %,NNW,0.6 mph,2.8 mph,29.60 in,0.00 in,0.01 in,0.0,0.1 w/m²
2024-10-07,ILAMAD25,07:44:00,54.1 °F,50.5 °F,88 %,NW,0.8 mph,5.5 mph,29.60 in,0.00 in,0.01 in,0.0,0.3 w/m²
2024-10-07,ILAMAD25,07:49:00,54.1 °F,50.4 °F,87 %,WNW,0.5 mph,3.4 mph,29.60 in,0.00 in,0.01 in,0.0,0.5 w/m²
2024-10-07,ILAMAD25,07:54:00,54.1 °F,50.5 °F,88 %,WSW,0.9 mph,3.4 mph,29.61 in,0.00 in,0.01 in,0.0,1 w/m²
2024-10-07,ILAMAD25,07:59:00,54.1 °F,50.5 °F,88 %,NNW,0.4 mph,3.0 mph,29.61 in,0.00 in,0.01 in,0.0,1.6 w/m²
2024-10-07,ILAMAD25,08:04:00,54.1 °F,50.5 °F,88 %,WNW,0.3 mph,2.6 mph,29.60 in,0.00 in,0.00 in,0.0,2.5 w/m²
2024-10-07,ILAMAD25,08:09:00,54.0 °F,50.4 °F,88 %,NW,0.3 mph,3.4 mph,29.60 in,0.00 in,0.00 in,0.0,3.5 w/m²
2024-10-07,ILAMAD25,08:14:00,54.0 °F,50.4 °F,88 %,WNW,0.6 mph,5.3 mph,29.60 in,0.00 in,0.00 in,0.0,4.9 w/m²
2024-10-07,ILAMAD25,08:19:00,54.0 °F,50.4 °F,88 %,NW,0.3 mph,2.4 mph,29.60 in,0.00 in,0.00 in,0.0,6.5 w/m²
2024-10-07,ILAMAD25,08:24:00,54.0 °F,50.5 °F,88 %,NW,0.4 mph,3.4 mph,29.60 in,0.00 in,0.00 in,0.0,8.1 w/m²
2024-10-07,ILAMAD25,08:29:00,54.0 °F,50.6 °F,89 %,NW,0.1 mph,2.4 mph,29.60 in,0.00 in,0.00 in,0.0,9.5 w/m²
2024-10-07,ILAMAD25,08:34:00,54.0 °F,50.7 °F,89 %,NW,0.5 mph,4.9 mph,29.61 in,0.00 in,0.00 in,0.0,10.9 w/m²
2024-10-07,ILAMAD25,08:39:00,54.0 °F,50.6 °F,89 %,NNW,0.0 mph,0.0 mph,29.61 in,0.00 in,0.00 in,0.0,12.5 w/m²
2024-10-07,ILAMAD25,08:44:00,54.0 °F,50.7 °F,89 %,NW,0.0 mph,1.4 mph,29.61 in,0.00 in,0.00 in,0.0,13.9 w/m²
2024-10-07,ILAMAD25,08:49:00,54.1 °F,50.9 °F,89 %,NW,0.4 mph,2.4 mph,29.60 in,0.00 in,0.00 in,0.0,15.3 w/m²
2024-10-07,ILAMAD25,08:54:00,54.1 °F,50.5 °F,88 %,WNW,0.2 mph,1.5 mph,29.61 in,0.00 in,0.00 in,0.0,16.6 w/m²
2024-10-07,ILAMAD25,08:59:00,54.2 °F,50.6 °F,88 %,WNW,0.8 mph,4.4 mph,29.61 in,0.00 in,0.00 in,0.0,17.6 w/m²
2024-10-07,ILAMAD25,09:04:00,54.5 °F,50.9 °F,88 %,NW,0.4 mph,3.4 mph,29.61 in,0.00 in,0.00 in,0.0,18.6 w/m²
2024-10-07,ILAMAD25,09:09:00,54.6 °F,51.0 °F,88 %,NNW,0.3 mph,2.8 mph,29.61 in,0.00 in,0.00 in,0.0,19.5 w/m²
2024-10-07,ILAMAD25,09:14:00,54.9 °F,51.1 °F,87 %,NNW,0.7 mph,3.8 mph,29.61 in,0.00 in,0.00 in,0.0,20.5 w/m²
2024-10-07,ILAMAD25,09:19:00,55.0 °F,51.3 °F,87 %,NNW,0.2 mph,3.0 mph,29.61 in,0.00 in,0.00 in,0.0,21.4 w/m²
2024-10-07,ILAMAD25,09:24:00,55.2 °F,51.4 °F,87 %,NNW,0.4 mph,4.0 mph,29.61 in,0.00 in,0.00 in,0.0,22 w/m²
2024-10-07,ILAMAD25,09:29:00,55.4 °F,51.4 °F,86 %,NW,0.8 mph,4.2 mph,29.62 in,0.00 in,0.00 in,0.0,22.7 w/m²
2024-10-07,ILAMAD25,09:34:00,55.7 °F,51.5 °F,86 %,NW,1.7 mph,6.1 mph,29.62 in,0.00 in,0.00 in,0.0,23.5 w/m²
2024-10-07,ILAMAD25,09:39:00,55.9 °F,51.5 °F,86 %,WNW,1.0 mph,5.3 mph,29.62 in,0.00 in,0.00 in,0.0,25.9 w/m²
2024-10-07,ILAMAD25,09:44:00,56.0 °F,51.5 °F,85 %,NW,1.1 mph,4.8 mph,29.62 in,0.00 in,0.00 in,0.0,25 w/m²
2024-10-07,ILAMAD25,09:49:00,56.3 °F,51.8 °F,85 %,NNW,0.7 mph,3.4 mph,29.62 in,0.00 in,0.00 in,0.0,25.3 w/m²
2024-10-07,ILAMAD25,09:54:00,56.5 °F,51.6 °F,84 %,NNW,0.5 mph,2.6 mph,29.62 in,0.00 in,0.00 in,0.0,25.8 w/m²
2024-10-07,ILAMAD25,09:59:00,56.7 °F,51.9 °F,84 %,NW,0.7 mph,3.6 mph,29.62 in,0.00 in,0.00 in,0.0,26.4 w/m²
2024-10-07,ILAMAD25,10:04:00,56.8 °F,51.9 °F,83 %,NW,2.5 mph,6.1 mph,29.62 in,0.00 in,0.00 in,0.0,27.2 w/m²
2024-10-07,ILAMAD25,10:09:00,56.9 °F,52.0 °F,83 %,WNW,1.5 mph,5.3 mph,29.63 in,0.00 in,0.00 in,0.0,29.2 w/m²
2024-10-07,ILAMAD25,10:14:00,57.1 °F,52.1 °F,83 %,NW,0.5 mph,3.6 mph,29.63 in,0.00 in,0.00 in,0.0,30.9 w/m²
2024-10-07,ILAMAD25,10:19:00,57.5 °F,52.4 °F,83 %,NNW,0.9 mph,3.0 mph,29.64 in,0.00 in,0.00 in,0.0,30.7 w/m²
2024-10-07,ILAMAD25,10:24:00,57.7 °F,52.3 °F,82 %,NW,0.7 mph,4.6 mph,29.63 in,0.00 in,0.00 in,0.0,36.5 w/m²
2024-10-07,ILAMAD25,10:29:00,57.8 °F,52.3 °F,82 %,WNW,1.1 mph,5.5 mph,29.64 in,0.00 in,0.00 in,0.0,42.2 w/m²
2024-10-07,ILAMAD25,10:34:00,57.9 °F,52.2 °F,81 %,NW,1.8 mph,6.9 mph,29.64 in,0.00 in,0.00 in,0.0,42.2 w/m²
2024-10-07,ILAMAD25,10:39:00,58.1 °F,52.3 °F,81 %,WNW,1.4 mph,6.1 mph,29.64 in,0.00 in,0.00 in,0.0,32.7 w/m²
2024-10-07,ILAMAD25,10:44:00,58.3 °F,52.5 °F,81 %,NW,0.7 mph,5.5 mph,29.64 in,0.00 in,0.00 in,0.0,31.8 w/m²
2024-10-07,ILAMAD25,10:49:00,58.6 °F,52.6 °F,80 %,NW,0.8 mph,3.0 mph,29.64 in,0.00 in,0.00 in,0.0,29 w/m²
2024-10-07,ILAMAD25,10:54:00,58.7 °F,52.6 °F,80 %,WNW,1.1 mph,3.4 mph,29.65 in,0.00 in,0.00 in,0.0,29.9 w/m²
2024-10-07,ILAMAD25,10:59:00,58.8 °F,52.7 °F,80 %,NW,1.1 mph,4.2 mph,29.65 in,0.00 in,0.00 in,0.0,30.5 w/m²
2024-10-07,ILAMAD25,11:04:00,59.1 °F,52.6 °F,79 %,NW,1.6 mph,8.6 mph,29.65 in,0.00 in,0.00 in,0.0,29.3 w/m²
2024-10-07,ILAMAD25,11:09:00,59.2 °F,52.6 °F,79 %,West,1.5 mph,5.0 mph,29.65 in,0.00 in,0.00 in,0.0,30.6 w/m²
2024-10-07,ILAMAD25,11:14:00,59.2 °F,52.5 °F,79 %,NW,1.2 mph,5.3 mph,29.65 in,0.00 in,0.00 in,0.0,32.4 w/m²
2024-10-07,ILAMAD25,11:19:00,59.5 °F,52.4 °F,77 %,NW,1.3 mph,4.8 mph,29.65 in,0.00 in,0.00 in,0.0,37.7 w/m²
2024-10-07,ILAMAD25,11:24:00,59.9 °F,52.7 °F,77 %,NNW,0.3 mph,3.6 mph,29.64 in,0.00 in,0.00 in,0.0,46.1 w/m²
2024-10-07,ILAMAD25,11:29:00,60.2 °F,52.7 °F,76 %,NNW,0.3 mph,2.6 mph,29.63 in,0.00 in,0.00 in,0.0,59.3 w/m²
2024-10-07,ILAMAD25,11:34:00,60.4 °F,52.5 °F,75 %,NNW,1.0 mph,3.2 mph,29.63 in,0.00 in,0.00 in,0.0,62.4 w/m²
2024-10-07,ILAMAD25,11:39:00,60.6 °F,52.4 °F,74 %,NW,0.8 mph,5.5 mph,29.63 in,0.00 in,0.00 in,0.0,69.7 w/m²
2024-10-07,ILAMAD25,11:44:00,60.8 °F,52.3 °F,73 %,NW,1.9 mph,8.1 mph,29.64 in,0.00 in,0.00 in,0.0,73.7 w/m²
2024-10-07,ILAMAD25,11:49:00,60.8 °F,52.0 °F,73 %,WNW,2.8 mph,8.1 mph,29.63 in,0.00 in,0.00 in,0.0,72.5 w/m²
2024-10-07,ILAMAD25,11:54:00,60.9 °F,52.4 °F,73 %,NW,1.0 mph,5.9 mph,29.64 in,0.00 in,0.00 in,0.0,65.1 w/m²
2024-10-07,ILAMAD25,11:59:00,61.4 °F,53.1 °F,74 %,NW,0.8 mph,4.2 mph,29.64 in,0.00 in,0.00 in,0.0,57 w/m²
2024-10-07,ILAMAD25,12:04:00,61.4 °F,52.5 °F,73 %,WNW,2.0 mph,5.7 mph,29.64 in,0.00 in,0.00 in,0.0,48 w/m²
2024-10-07,ILAMAD25,12:09:00,61.3 °F,51.9 °F,71 %,WNW,1.9 mph,5.7 mph,29.63 in,0.00 in,0.00 in,0.0,45.2 w/m²
2024-10-07,ILAMAD25,12:14:00,61.3 °F,51.7 °F,71 %,NW,3.4 mph,7.7 mph,29.63 in,0.00 in,0.00 in,0.0,46.9 w/m²
2024-10-07,ILAMAD25,12:19:00,61.3 °F,51.7 °F,71 %,NNW,1.8 mph,6.8 mph,29.63 in,0.00 in,0.00 in,0.0,55.2 w/m²
2024-10-07,ILAMAD25,12:24:00,61.6 °F,52.4 °F,72 %,NW,1.0 mph,4.8 mph,29.63 in,0.00 in,0.00 in,0.0,58 w/m²
2024-10-07,ILAMAD25,12:29:00,61.7 °F,52.1 °F,71 %,NW,1.0 mph,3.4 mph,29.63 in,0.00 in,0.00 in,0.0,61.5 w/m²
2024-10-07,ILAMAD25,12:34:00,62.2 °F,52.1 °F,70 %,WNW,0.9 mph,4.8 mph,29.64 in,0.00 in,0.00 in,0.0,60 w/m²
2024-10-07,ILAMAD25,12:39:00,62.0 °F,51.7 °F,69 %,West,3.8 mph,7.8 mph,29.64 in,0.00 in,0.00 in,0.0,58.9 w/m²
2024-10-07,ILAMAD25,12:44:00,62.0 °F,51.7 °F,69 %,NW,2.7 mph,8.5 mph,29.64 in,0.00 in,0.00 in,0.0,60.7 w/m²
2024-10-07,ILAMAD25,12:49:00,62.2 °F,51.9 °F,69 %,WNW,2.0 mph,6.7 mph,29.64 in,0.00 in,0.00 in,0.0,56.9 w/m²
2024-10-07,ILAMAD25,12:54:00,62.4 °F,52.0 °F,69 %,WNW,1.2 mph,3.2 mph,29.64 in,0.00 in,0.00 in,0.0,67.2 w/m²
2024-10-07,ILAMAD25,12:59:00,62.4 °F,51.8 °F,68 %,NW,2.0 mph,4.8 mph,29.64 in,0.00 in,0.00 in,0.0,69.3 w/m²
2024-10-07,ILAMAD25,13:04:00,62.6 °F,52.1 °F,69 %,NW,1.0 mph,4.6 mph,29.64 in,0.00 in,0.00 in,0.0,79.2 w/m²
2024-10-07,ILAMAD25,13:09:00,62.7 °F,51.7 °F,67 %,NW,1.8 mph,5.9 mph,29.64 in,0.00 in,0.00 in,0.0,75 w/m²
2024-10-07,ILAMAD25,13:14:00,62.7 °F,50.9 °F,65 %,WNW,3.6 mph,9.7 mph,29.64 in,0.00 in,0.00 in,0.0,78.9 w/m²
2024-10-07,ILAMAD25,13:19:00,62.4 °F,51.1 °F,66 %,NW,0.8 mph,5.5 mph,29.64 in,0.00 in,0.00 in,0.0,78.3 w/m²
2024-10-07,ILAMAD25,13:24:00,62.8 °F,51.8 °F,67 %,NNW,0.2 mph,0.6 mph,29.64 in,0.00 in,0.00 in,0.0,88.6 w/m²
2024-10-07,ILAMAD25,13:29:00,63.2 °F,51.9 °F,66 %,,1.4 mph,6.1 mph,29.64 in,0.00 in,0.00 in,0.0,105.5 w/m²
2024-10-07,ILAMAD25,13:34:00,63.9 °F,52.2 °F,66 %,NW,1.2 mph,5.3 mph,29.63 in,0.00 in,0.00 in,0.0,108.1 w/m²
2024-10-07,ILAMAD25,13:39:00,63.4 °F,50.9 °F,64 %,NW,1.9 mph,7.1 mph,29.64 in,0.00 in,0.00 in,2.0,283.7 w/m²
2024-10-07,ILAMAD25,13:44:00,63.3 °F,50.8 °F,64 %,NNW,1.3 mph,6.9 mph,29.64 in,0.00 in,0.00 in,2.0,355.6 w/m²
2024-10-07,ILAMAD25,13:49:00,63.6 °F,50.7 °F,63 %,NNW,0.9 mph,6.5 mph,29.63 in,0.00 in,0.00 in,3.0,390 w/m²
2024-10-07,ILAMAD25,13:54:00,64.3 °F,50.0 °F,60 %,NNW,1.0 mph,5.3 mph,29.63 in,0.00 in,0.00 in,3.0,389.7 w/m²
2024-10-07,ILAMAD25,13:59:00,64.4 °F,49.7 °F,59 %,NW,3.1 mph,7.3 mph,29.63 in,0.00 in,0.00 in,3.0,389.9 w/m²
2024-10-07,ILAMAD25,14:04:00,64.8 °F,50.4 °F,60 %,NNW,1.2 mph,6.1 mph,29.63 in,0.00 in,0.00 in,2.0,379.4 w/m²
2024-10-07,ILAMAD25,14:09:00,65.3 °F,50.8 °F,59 %,NNW,1.1 mph,4.0 mph,29.63 in,0.00 in,0.00 in,2.0,372.1 w/m²
2024-10-07,ILAMAD25,14:14:00,65.2 °F,50.1 °F,58 %,NW,2.2 mph,5.7 mph,29.62 in,0.00 in,0.00 in,2.0,361.3 w/m²
2024-10-07,ILAMAD25,14:19:00,65.9 °F,50.8 °F,58 %,NW,1.4 mph,5.3 mph,29.62 in,0.00 in,0.00 in,2.0,246.7 w/m²
2024-10-07,ILAMAD25,14:24:00,65.3 °F,50.2 °F,58 %,NW,0.7 mph,5.3 mph,29.62 in,0.00 in,0.00 in,1.0,226.8 w/m²
2024-10-07,ILAMAD25,14:29:00,64.8 °F,49.5 °F,57 %,WNW,2.0 mph,7.2 mph,29.62 in,0.00 in,0.00 in,2.0,286.3 w/m²
2024-10-07,ILAMAD25,14:34:00,64.5 °F,48.9 °F,57 %,NW,2.0 mph,8.1 mph,29.61 in,0.00 in,0.00 in,2.0,299.2 w/m²
2024-10-07,ILAMAD25,14:39:00,64.9 °F,49.1 °F,56 %,NW,2.0 mph,6.7 mph,29.61 in,0.00 in,0.00 in,2.0,259.9 w/m²
2024-10-07,ILAMAD25,14:44:00,65.0 °F,49.9 °F,58 %,NNW,0.8 mph,4.2 mph,29.61 in,0.00 in,0.00 in,2.0,293.7 w/m²
2024-10-07,ILAMAD25,14:49:00,65.0 °F,50.4 °F,59 %,NNW,1.2 mph,4.4 mph,29.60 in,0.00 in,0.00 in,2.0,300.9 w/m²
2024-10-07,ILAMAD25,14:54:00,65.3 °F,50.5 °F,59 %,NW,0.7 mph,3.6 mph,29.60 in,0.00 in,0.00 in,2.0,257.7 w/m²
2024-10-07,ILAMAD25,14:59:00,65.0 °F,49.4 °F,57 %,NW,1.3 mph,5.5 mph,29.60 in,0.00 in,0.00 in,2.0,246 w/m²
